{
  "Name":"ManagerAccount Collection Schema File",
  "Id":"ManagerAccountCollection",
  "@odata.context":"/redfish/v1/$metadata#JSONSchemas/Members/$entity",
  "Languages":["en"],
  "Description":"ManagerAccount Collection Schema File Location",
  "@odata.type":"#JSONSchemas.1.0.0.JsonSchemaFileCollection",
  "Schema":"ManagerAccountCollection",
  "@odata.id":"/redfish/v1/JSONSchemas/ManagerAccountCollection",
  "Location":[{
      "PublicationUri":"http://redfish.dmtf.org/schemas/v1/ManagerAccountCollection.json",
      "Language":"en",
      "Uri":"/redfish/v1/ManagerAccountCollection.json"
    }]
}