{
  "Name":"Cisco RESTful Root Service",
  "Managers":{
    "@odata.id":"/redfish/v1/Managers"
  },
  "Id":"RootService",
  "EventService":{
    "@odata.id":"/redfish/v1/EventService"
  },
  "@odata.type":"#ServiceRoot.1.0.0.ServiceRoot",
  "Links":{
    "Sessions":{
      "@odata.id":"/redfish/v1/SessionService/Sessions"
    }
  },
  "@odata.id":"/redfish/v1/",
  "JSONSchemas":{
    "@odata.id":"/redfish/v1/JSONSchemas"
  },
  "AccountService":{
    "@odata.id":"/redfish/v1/AccountService"
  },
  "Chassis":{
    "@odata.id":"/redfish/v1/Chassis"
  },
  "@odata.context":"/redfish/v1/$metadata#ServiceRoot",
  "Description":"Root Service",
  "MessageRegistry":{
    "@odata.id":"/redfish/v1/MessageRegistry"
  },
  "TaskService":{
    "@odata.id":"/redfish/v1/TaskService"
  },
  "RedfishVersion":"1.0.0",
  "SessionService":{
    "@odata.id":"/redfish/v1/SessionService"
  },
  "Systems":{
    "@odata.id":"/redfish/v1/Systems"
  }
}