{
  "Name":"Log Entry 1314",
  "Id":"1314",
  "Message":"BIOS_POST_CMPLT: Presence sensor, Device Removed / Device Absent was asserted",
  "EntryType":"SEL",
  "Description":"Log Entry 1314",
  "@odata.type":"#LogEntry.1.0.0",
  "EntryCode":"Device Removed / Device Absent",
  "Created":"2021-11-11 00:41:06 ",
  "@odata.context":"/redfish/v1/$metadata#Chassis/Members/$entity/LogServices/Members/$entity/Entries/Members/$entity",
  "@odata.id":"/redfish/v1/Chassis/Server1/LogServices/SEL/Entries/1314",
  "Severity":"Normal"
}