{
  "Name":"Thermal",
  "Status":{
    "State":"Enabled",
    "Health":"OK"
  },
  "Temperatures@odata.count":23,
  "@odata.context":"/redfish/v1/$metadata#Chassis/Members/$entity/Thermal",
  "Description":"Represents the properties for Temperature and Cooling",
  "@odata.type":"#Cisco_Thermal",
  "Temperatures":[{
      "Name":"TEMP_SENS_FRONT",
      "MemberID":1,
      "UpperThresholdNonCritical":"60.0",
      "LowerThresholdNonCritical":"N/A",
      "UpperThresholdCritical":"70.0",
      "RelatedItem":{
        "@odata.id":"/redfish/v1/Chassis/Server1"
      },
      "PhysicalContext":"SystemBoard",
      "SensorNumber":43,
      "Status":{
        "State":"Enabled",
        "Health":"OK"
      },
      "ReadingCelsius":"25.0",
      "@odata.id":"/redfish/v1/Chassis/Server1/Thermal#/Temperatures/TEMP_SENS_FRONT",
      "LowerThresholdCritical":"N/A"
    },{
      "Name":"TEMP_SENS_REAR",
      "MemberID":2,
      "UpperThresholdNonCritical":"80.0",
      "LowerThresholdNonCritical":"N/A",
      "UpperThresholdCritical":"85.0",
      "RelatedItem":{
        "@odata.id":"/redfish/v1/Chassis/Server1"
      },
      "PhysicalContext":"SystemBoard",
      "SensorNumber":44,
      "Status":{
        "State":"Enabled",
        "Health":"OK"
      },
      "ReadingCelsius":"30.0",
      "@odata.id":"/redfish/v1/Chassis/Server1/Thermal#/Temperatures/TEMP_SENS_REAR",
      "LowerThresholdCritical":"N/A"
    },{
      "Name":"P1_TEMP_SENS",
      "MemberID":3,
      "UpperThresholdNonCritical":"76.0",
      "LowerThresholdNonCritical":"N/A",
      "UpperThresholdCritical":"81.0",
      "RelatedItem":{
        "@odata.id":"/redfish/v1/Chassis/Server1"
      },
      "PhysicalContext":"CPU",
      "SensorNumber":45,
      "Status":{
        "State":"Enabled",
        "Health":"OK"
      },
      "ReadingCelsius":"35.0",
      "@odata.id":"/redfish/v1/Chassis/Server1/Thermal#/Temperatures/P1_TEMP_SENS",
      "LowerThresholdCritical":"N/A"
    },{
      "Name":"P2_TEMP_SENS",
      "MemberID":4,
      "UpperThresholdNonCritical":"76.0",
      "LowerThresholdNonCritical":"N/A",
      "UpperThresholdCritical":"81.0",
      "RelatedItem":{
        "@odata.id":"/redfish/v1/Chassis/Server1"
      },
      "PhysicalContext":"CPU",
      "SensorNumber":46,
      "Status":{
        "State":"Enabled",
        "Health":"OK"
      },
      "ReadingCelsius":"38.0",
      "@odata.id":"/redfish/v1/Chassis/Server1/Thermal#/Temperatures/P2_TEMP_SENS",
      "LowerThresholdCritical":"N/A"
    },{
      "Name":"DDR3_P1_A1_TEMP",
      "MemberID":5,
      "UpperThresholdNonCritical":"70.0",
      "LowerThresholdNonCritical":"N/A",
      "UpperThresholdCritical":"80.0",
      "RelatedItem":{
        "@odata.id":"/redfish/v1/Chassis/Server1"
      },
      "PhysicalContext":"SystemBoard",
      "SensorNumber":47,
      "Status":{
        "State":"Enabled",
        "Health":"OK"
      },
      "ReadingCelsius":"29.0",
      "@odata.id":"/redfish/v1/Chassis/Server1/Thermal#/Temperatures/DDR3_P1_A1_TEMP",
      "LowerThresholdCritical":"N/A"
    },{
      "Name":"DDR3_P1_A2_TEMP",
      "MemberID":6,
      "UpperThresholdNonCritical":"70.0",
      "LowerThresholdNonCritical":"N/A",
      "UpperThresholdCritical":"80.0",
      "RelatedItem":{
        "@odata.id":"/redfish/v1/Chassis/Server1"
      },
      "PhysicalContext":"SystemBoard",
      "SensorNumber":48,
      "Status":{
        "State":"Enabled",
        "Health":"OK"
      },
      "ReadingCelsius":"29.0",
      "@odata.id":"/redfish/v1/Chassis/Server1/Thermal#/Temperatures/DDR3_P1_A2_TEMP",
      "LowerThresholdCritical":"N/A"
    },{
      "Name":"DDR3_P1_B1_TEMP",
      "MemberID":7,
      "UpperThresholdNonCritical":"70.0",
      "LowerThresholdNonCritical":"N/A",
      "UpperThresholdCritical":"80.0",
      "RelatedItem":{
        "@odata.id":"/redfish/v1/Chassis/Server1"
      },
      "PhysicalContext":"SystemBoard",
      "SensorNumber":49,
      "Status":{
        "State":"Enabled",
        "Health":"OK"
      },
      "ReadingCelsius":"29.0",
      "@odata.id":"/redfish/v1/Chassis/Server1/Thermal#/Temperatures/DDR3_P1_B1_TEMP",
      "LowerThresholdCritical":"N/A"
    },{
      "Name":"DDR3_P1_B2_TEMP",
      "MemberID":8,
      "UpperThresholdNonCritical":"70.0",
      "LowerThresholdNonCritical":"N/A",
      "UpperThresholdCritical":"80.0",
      "RelatedItem":{
        "@odata.id":"/redfish/v1/Chassis/Server1"
      },
      "PhysicalContext":"SystemBoard",
      "SensorNumber":50,
      "Status":{
        "State":"Enabled",
        "Health":"OK"
      },
      "ReadingCelsius":"28.0",
      "@odata.id":"/redfish/v1/Chassis/Server1/Thermal#/Temperatures/DDR3_P1_B2_TEMP",
      "LowerThresholdCritical":"N/A"
    },{
      "Name":"DDR3_P1_C1_TEMP",
      "MemberID":9,
      "UpperThresholdNonCritical":"70.0",
      "LowerThresholdNonCritical":"N/A",
      "UpperThresholdCritical":"80.0",
      "RelatedItem":{
        "@odata.id":"/redfish/v1/Chassis/Server1"
      },
      "PhysicalContext":"SystemBoard",
      "SensorNumber":51,
      "Status":{
        "State":"Enabled",
        "Health":"OK"
      },
      "ReadingCelsius":"30.0",
      "@odata.id":"/redfish/v1/Chassis/Server1/Thermal#/Temperatures/DDR3_P1_C1_TEMP",
      "LowerThresholdCritical":"N/A"
    },{
      "Name":"DDR3_P1_C2_TEMP",
      "MemberID":10,
      "UpperThresholdNonCritical":"70.0",
      "LowerThresholdNonCritical":"N/A",
      "UpperThresholdCritical":"80.0",
      "RelatedItem":{
        "@odata.id":"/redfish/v1/Chassis/Server1"
      },
      "PhysicalContext":"SystemBoard",
      "SensorNumber":52,
      "Status":{
        "State":"Enabled",
        "Health":"OK"
      },
      "ReadingCelsius":"29.0",
      "@odata.id":"/redfish/v1/Chassis/Server1/Thermal#/Temperatures/DDR3_P1_C2_TEMP",
      "LowerThresholdCritical":"N/A"
    },{
      "Name":"DDR3_P1_D1_TEMP",
      "MemberID":11,
      "UpperThresholdNonCritical":"70.0",
      "LowerThresholdNonCritical":"N/A",
      "UpperThresholdCritical":"80.0",
      "RelatedItem":{
        "@odata.id":"/redfish/v1/Chassis/Server1"
      },
      "PhysicalContext":"SystemBoard",
      "SensorNumber":53,
      "Status":{
        "State":"Enabled",
        "Health":"OK"
      },
      "ReadingCelsius":"29.0",
      "@odata.id":"/redfish/v1/Chassis/Server1/Thermal#/Temperatures/DDR3_P1_D1_TEMP",
      "LowerThresholdCritical":"N/A"
    },{
      "Name":"DDR3_P1_D2_TEMP",
      "MemberID":12,
      "UpperThresholdNonCritical":"70.0",
      "LowerThresholdNonCritical":"N/A",
      "UpperThresholdCritical":"80.0",
      "RelatedItem":{
        "@odata.id":"/redfish/v1/Chassis/Server1"
      },
      "PhysicalContext":"SystemBoard",
      "SensorNumber":54,
      "Status":{
        "State":"Enabled",
        "Health":"OK"
      },
      "ReadingCelsius":"29.0",
      "@odata.id":"/redfish/v1/Chassis/Server1/Thermal#/Temperatures/DDR3_P1_D2_TEMP",
      "LowerThresholdCritical":"N/A"
    },{
      "Name":"DDR3_P2_E1_TEMP",
      "MemberID":13,
      "UpperThresholdNonCritical":"70.0",
      "LowerThresholdNonCritical":"N/A",
      "UpperThresholdCritical":"80.0",
      "RelatedItem":{
        "@odata.id":"/redfish/v1/Chassis/Server1"
      },
      "PhysicalContext":"SystemBoard",
      "SensorNumber":55,
      "Status":{
        "State":"Enabled",
        "Health":"OK"
      },
      "ReadingCelsius":"30.0",
      "@odata.id":"/redfish/v1/Chassis/Server1/Thermal#/Temperatures/DDR3_P2_E1_TEMP",
      "LowerThresholdCritical":"N/A"
    },{
      "Name":"DDR3_P2_E2_TEMP",
      "MemberID":14,
      "UpperThresholdNonCritical":"70.0",
      "LowerThresholdNonCritical":"N/A",
      "UpperThresholdCritical":"80.0",
      "RelatedItem":{
        "@odata.id":"/redfish/v1/Chassis/Server1"
      },
      "PhysicalContext":"SystemBoard",
      "SensorNumber":56,
      "Status":{
        "State":"Enabled",
        "Health":"OK"
      },
      "ReadingCelsius":"29.0",
      "@odata.id":"/redfish/v1/Chassis/Server1/Thermal#/Temperatures/DDR3_P2_E2_TEMP",
      "LowerThresholdCritical":"N/A"
    },{
      "Name":"DDR3_P2_F1_TEMP",
      "MemberID":15,
      "UpperThresholdNonCritical":"70.0",
      "LowerThresholdNonCritical":"N/A",
      "UpperThresholdCritical":"80.0",
      "RelatedItem":{
        "@odata.id":"/redfish/v1/Chassis/Server1"
      },
      "PhysicalContext":"SystemBoard",
      "SensorNumber":57,
      "Status":{
        "State":"Enabled",
        "Health":"OK"
      },
      "ReadingCelsius":"30.0",
      "@odata.id":"/redfish/v1/Chassis/Server1/Thermal#/Temperatures/DDR3_P2_F1_TEMP",
      "LowerThresholdCritical":"N/A"
    },{
      "Name":"DDR3_P2_F2_TEMP",
      "MemberID":16,
      "UpperThresholdNonCritical":"70.0",
      "LowerThresholdNonCritical":"N/A",
      "UpperThresholdCritical":"80.0",
      "RelatedItem":{
        "@odata.id":"/redfish/v1/Chassis/Server1"
      },
      "PhysicalContext":"SystemBoard",
      "SensorNumber":58,
      "Status":{
        "State":"Enabled",
        "Health":"OK"
      },
      "ReadingCelsius":"29.0",
      "@odata.id":"/redfish/v1/Chassis/Server1/Thermal#/Temperatures/DDR3_P2_F2_TEMP",
      "LowerThresholdCritical":"N/A"
    },{
      "Name":"DDR3_P2_G1_TEMP",
      "MemberID":17,
      "UpperThresholdNonCritical":"70.0",
      "LowerThresholdNonCritical":"N/A",
      "UpperThresholdCritical":"80.0",
      "RelatedItem":{
        "@odata.id":"/redfish/v1/Chassis/Server1"
      },
      "PhysicalContext":"SystemBoard",
      "SensorNumber":59,
      "Status":{
        "State":"Enabled",
        "Health":"OK"
      },
      "ReadingCelsius":"30.0",
      "@odata.id":"/redfish/v1/Chassis/Server1/Thermal#/Temperatures/DDR3_P2_G1_TEMP",
      "LowerThresholdCritical":"N/A"
    },{
      "Name":"DDR3_P2_G2_TEMP",
      "MemberID":18,
      "UpperThresholdNonCritical":"70.0",
      "LowerThresholdNonCritical":"N/A",
      "UpperThresholdCritical":"80.0",
      "RelatedItem":{
        "@odata.id":"/redfish/v1/Chassis/Server1"
      },
      "PhysicalContext":"SystemBoard",
      "SensorNumber":60,
      "Status":{
        "State":"Enabled",
        "Health":"OK"
      },
      "ReadingCelsius":"30.0",
      "@odata.id":"/redfish/v1/Chassis/Server1/Thermal#/Temperatures/DDR3_P2_G2_TEMP",
      "LowerThresholdCritical":"N/A"
    },{
      "Name":"DDR3_P2_H1_TEMP",
      "MemberID":19,
      "UpperThresholdNonCritical":"70.0",
      "LowerThresholdNonCritical":"N/A",
      "UpperThresholdCritical":"80.0",
      "RelatedItem":{
        "@odata.id":"/redfish/v1/Chassis/Server1"
      },
      "PhysicalContext":"SystemBoard",
      "SensorNumber":61,
      "Status":{
        "State":"Enabled",
        "Health":"OK"
      },
      "ReadingCelsius":"30.0",
      "@odata.id":"/redfish/v1/Chassis/Server1/Thermal#/Temperatures/DDR3_P2_H1_TEMP",
      "LowerThresholdCritical":"N/A"
    },{
      "Name":"DDR3_P2_H2_TEMP",
      "MemberID":20,
      "UpperThresholdNonCritical":"70.0",
      "LowerThresholdNonCritical":"N/A",
      "UpperThresholdCritical":"80.0",
      "RelatedItem":{
        "@odata.id":"/redfish/v1/Chassis/Server1"
      },
      "PhysicalContext":"SystemBoard",
      "SensorNumber":62,
      "Status":{
        "State":"Enabled",
        "Health":"OK"
      },
      "ReadingCelsius":"30.0",
      "@odata.id":"/redfish/v1/Chassis/Server1/Thermal#/Temperatures/DDR3_P2_H2_TEMP",
      "LowerThresholdCritical":"N/A"
    },{
      "Name":"PCH_TEMP_SENS",
      "MemberID":21,
      "UpperThresholdNonCritical":"80.0",
      "LowerThresholdNonCritical":"N/A",
      "UpperThresholdCritical":"85.0",
      "RelatedItem":{
        "@odata.id":"/redfish/v1/Chassis/Server1"
      },
      "PhysicalContext":"SystemBoard",
      "SensorNumber":97,
      "Status":{
        "State":"Enabled",
        "Health":"OK"
      },
      "ReadingCelsius":"44.0",
      "@odata.id":"/redfish/v1/Chassis/Server1/Thermal#/Temperatures/PCH_TEMP_SENS",
      "LowerThresholdCritical":"N/A"
    },{
      "Name":"SAS_MEZZ_TEMP",
      "MemberID":22,
      "UpperThresholdNonCritical":"63.0",
      "LowerThresholdNonCritical":"N/A",
      "UpperThresholdCritical":"68.0",
      "RelatedItem":{
        "@odata.id":"/redfish/v1/Chassis/Server1"
      },
      "PhysicalContext":"SystemBoard",
      "SensorNumber":116,
      "Status":{
        "State":"Enabled",
        "Health":"OK"
      },
      "ReadingCelsius":"30.0",
      "@odata.id":"/redfish/v1/Chassis/Server1/Thermal#/Temperatures/SAS_MEZZ_TEMP",
      "LowerThresholdCritical":"N/A"
    },{
      "Name":"SAS_MEZZROC_TEMP",
      "MemberID":23,
      "UpperThresholdNonCritical":"90.0",
      "LowerThresholdNonCritical":"N/A",
      "UpperThresholdCritical":"100.0",
      "RelatedItem":{
        "@odata.id":"/redfish/v1/Chassis/Server1"
      },
      "PhysicalContext":"SystemBoard",
      "SensorNumber":117,
      "Status":{
        "State":"Enabled",
        "Health":"OK"
      },
      "ReadingCelsius":"50.0",
      "@odata.id":"/redfish/v1/Chassis/Server1/Thermal#/Temperatures/SAS_MEZZROC_TEMP",
      "LowerThresholdCritical":"N/A"
    }],
  "@odata.id":"/redfish/v1/Chassis/Server1/Thermal",
  "Id":"Thermal"
}