{
  "Name":"CMC",
  "Manufacturer":"Cisco Systems Inc.",
  "IndicatorLED":"Off",
  "SerialNumber":"FOX2016G1LY",
  "@odata.type":"#Chassis.1.0.0.Chassis",
  "Links":{
    "ManagedBy":["/redfish/v1/Managers/CIMC"],
    "PoweredBy":["/redfish/v1/Chassis/CMC/Power"],
    "CooledBy":["/redfish/v1/Chassis/CMC/Thermal"]
  },
  "Power":{
    "@odata.id":"/redfish/v1/Chassis/CMC/Power"
  },
  "@odata.id":"/redfish/v1/Chassis/CMC",
  "AssetTag":"Unknown",
  "Status":{
    "State":"Enabled",
    "Health":"OK"
  },
  "@odata.context":"/redfish/v1/$metadata#Chassis/Members/$entity",
  "Description":"It represents the properties for physical components for any system.  This one object is intended to represent racks, rackmount servers, blades, standalone, modular systems, enclosures, and all other containers.  The non-cpu/device centric parts of the schema are all accessed either directly or indirectly through this resource",
  "Model":"UCS S3260",
  "Thermal":{
    "@odata.id":"/redfish/v1/Chassis/CMC/Thermal"
  },
  "ChassisType":"Enclosure",
  "Id":"CMC",
  "Actions":{
    "#Chassis.Reset":{
      "ResetType@Redfish.AllowableValues":["On","ForceOff"],
      "target":"/redfish/v1/Chassis/CMC/Actions/Chassis.Reset"
    }
  },
  "LogServices":{
    "@odata.id":"/redfish/v1/Chassis/CMC/LogServices"
  }
}