{
  "Name":"ManagerAccount Schema File",
  "Id":"ManagerAccount",
  "@odata.context":"/redfish/v1/$metadata#JSONSchemas/Members/$entity",
  "Languages":["en"],
  "Description":"ManagerAccount Schema File Location",
  "@odata.type":"#JSONSchemas.1.0.0.JsonSchemaFileCollection",
  "Schema":"ManagerAccount",
  "@odata.id":"/redfish/v1/JSONSchemas/ManagerAccount",
  "Location":[{
      "PublicationUri":"http://redfish.dmtf.org/schemas/v1/ManagerAccount.json",
      "Language":"en",
      "Uri":"/redfish/v1/ManagerAccount.json"
    }]
}