{
  "Name":"VirtualMedia Schema File",
  "Id":"VirtualMedia",
  "@odata.context":"/redfish/v1/$metadata#JSONSchemas/Members/$entity",
  "Languages":["en"],
  "Description":"VirtualMedia Schema File Location",
  "@odata.type":"#JSONSchemas.1.0.0.JsonSchemaFileCollection",
  "Schema":"VirtualMedia",
  "@odata.id":"/redfish/v1/JSONSchemas/VirtualMedia",
  "Location":[{
      "PublicationUri":"http://redfish.dmtf.org/schemas/v1/VirtualMedia.json",
      "Language":"en",
      "Uri":"/redfish/v1/VirtualMedia.json"
    }]
}