{
  "Name":"Power.1.0.0 Schema File",
  "Id":"Power.1.0.0",
  "@odata.context":"/redfish/v1/$metadata#JSONSchemas/Members/$entity",
  "Languages":["en"],
  "Description":"Power.1.0.0 Schema File Location",
  "@odata.type":"#JSONSchemas.1.0.0.JsonSchemaFileCollection",
  "Schema":"Power.1.0.0",
  "@odata.id":"/redfish/v1/JSONSchemas/Power.1.0.0",
  "Location":[{
      "PublicationUri":"http://redfish.dmtf.org/schemas/v1/Power.1.0.0.json",
      "Language":"en",
      "Uri":"/redfish/v1/Power.1.0.0.json"
    }]
}