{
  "@odata.count":"1855",
  "Members":[{
      "Name":"Log Entry 1",
      "Description":"Log Entry 1",
      "Message":" pam_ldap_manager(redfish:account): End ---------->\n",
      "Id":1,
      "Created":"2021 Nov 15 07:09:02",
      "EntryType":"CIMC",
      "@odata.id":"/redfish/v1/Managers/CIMC/LogServices/CIMC/Entries/1",
      "Severity":"Informational"
    },{
      "Name":"Log Entry 2",
      "Description":"Log Entry 2",
      "Message":" pam_ldap_manager(redfish:account): Start -------->\n",
      "Id":2,
      "Created":"2021 Nov 15 07:09:02",
      "EntryType":"CIMC",
      "@odata.id":"/redfish/v1/Managers/CIMC/LogServices/CIMC/Entries/2",
      "Severity":"Informational"
    },{
      "Name":"Log Entry 3",
      "Description":"Log Entry 3",
      "Message":" pam_ldap_manager(redfish:auth): End ------------->\n",
      "Id":3,
      "Created":"2021 Nov 15 07:09:02",
      "EntryType":"CIMC",
      "@odata.id":"/redfish/v1/Managers/CIMC/LogServices/CIMC/Entries/3",
      "Severity":"Informational"
    },{
      "Name":"Log Entry 4",
      "Description":"Log Entry 4",
      "Message":" pam_ldap_manager(redfish:auth): Start ----------->\n",
      "Id":4,
      "Created":"2021 Nov 15 07:09:02",
      "EntryType":"CIMC",
      "@odata.id":"/redfish/v1/Managers/CIMC/LogServices/CIMC/Entries/4",
      "Severity":"Informational"
    },{
      "Name":"Log Entry 5",
      "Description":"Log Entry 5",
      "Message":" pam_ldap_manager(redfish:account): End ---------->\n",
      "Id":5,
      "Created":"2021 Nov 15 07:09:02",
      "EntryType":"CIMC",
      "@odata.id":"/redfish/v1/Managers/CIMC/LogServices/CIMC/Entries/5",
      "Severity":"Informational"
    },{
      "Name":"Log Entry 6",
      "Description":"Log Entry 6",
      "Message":" pam_ldap_manager(redfish:account): Start -------->\n",
      "Id":6,
      "Created":"2021 Nov 15 07:09:02",
      "EntryType":"CIMC",
      "@odata.id":"/redfish/v1/Managers/CIMC/LogServices/CIMC/Entries/6",
      "Severity":"Informational"
    },{
      "Name":"Log Entry 7",
      "Description":"Log Entry 7",
      "Message":" pam_ldap_manager(redfish:auth): End ------------->\n",
      "Id":7,
      "Created":"2021 Nov 15 07:09:02",
      "EntryType":"CIMC",
      "@odata.id":"/redfish/v1/Managers/CIMC/LogServices/CIMC/Entries/7",
      "Severity":"Informational"
    },{
      "Name":"Log Entry 8",
      "Description":"Log Entry 8",
      "Message":" pam_ldap_manager(redfish:auth): Start ----------->\n",
      "Id":8,
      "Created":"2021 Nov 15 07:09:01",
      "EntryType":"CIMC",
      "@odata.id":"/redfish/v1/Managers/CIMC/LogServices/CIMC/Entries/8",
      "Severity":"Informational"
    },{
      "Name":"Log Entry 9",
      "Description":"Log Entry 9",
      "Message":" pam_ldap_manager(redfish:account): End ---------->\n",
      "Id":9,
      "Created":"2021 Nov 15 07:09:01",
      "EntryType":"CIMC",
      "@odata.id":"/redfish/v1/Managers/CIMC/LogServices/CIMC/Entries/9",
      "Severity":"Informational"
    },{
      "Name":"Log Entry 10",
      "Description":"Log Entry 10",
      "Message":" pam_ldap_manager(redfish:account): Start -------->\n",
      "Id":10,
      "Created":"2021 Nov 15 07:09:01",
      "EntryType":"CIMC",
      "@odata.id":"/redfish/v1/Managers/CIMC/LogServices/CIMC/Entries/10",
      "Severity":"Informational"
    },{
      "Name":"Log Entry 11",
      "Description":"Log Entry 11",
      "Message":" pam_ldap_manager(redfish:auth): End ------------->\n",
      "Id":11,
      "Created":"2021 Nov 15 07:09:01",
      "EntryType":"CIMC",
      "@odata.id":"/redfish/v1/Managers/CIMC/LogServices/CIMC/Entries/11",
      "Severity":"Informational"
    },{
      "Name":"Log Entry 12",
      "Description":"Log Entry 12",
      "Message":" pam_ldap_manager(redfish:auth): Start ----------->\n",
      "Id":12,
      "Created":"2021 Nov 15 07:09:01",
      "EntryType":"CIMC",
      "@odata.id":"/redfish/v1/Managers/CIMC/LogServices/CIMC/Entries/12",
      "Severity":"Informational"
    },{
      "Name":"Log Entry 13",
      "Description":"Log Entry 13",
      "Message":" pam_ldap_manager(redfish:account): End ---------->\n",
      "Id":13,
      "Created":"2021 Nov 15 07:09:01",
      "EntryType":"CIMC",
      "@odata.id":"/redfish/v1/Managers/CIMC/LogServices/CIMC/Entries/13",
      "Severity":"Informational"
    },{
      "Name":"Log Entry 14",
      "Description":"Log Entry 14",
      "Message":" pam_ldap_manager(redfish:account): Start -------->\n",
      "Id":14,
      "Created":"2021 Nov 15 07:09:01",
      "EntryType":"CIMC",
      "@odata.id":"/redfish/v1/Managers/CIMC/LogServices/CIMC/Entries/14",
      "Severity":"Informational"
    },{
      "Name":"Log Entry 15",
      "Description":"Log Entry 15",
      "Message":" pam_ldap_manager(redfish:auth): End ------------->\n",
      "Id":15,
      "Created":"2021 Nov 15 07:09:01",
      "EntryType":"CIMC",
      "@odata.id":"/redfish/v1/Managers/CIMC/LogServices/CIMC/Entries/15",
      "Severity":"Informational"
    },{
      "Name":"Log Entry 16",
      "Description":"Log Entry 16",
      "Message":" pam_ldap_manager(redfish:auth): Start ----------->\n",
      "Id":16,
      "Created":"2021 Nov 15 07:09:01",
      "EntryType":"CIMC",
      "@odata.id":"/redfish/v1/Managers/CIMC/LogServices/CIMC/Entries/16",
      "Severity":"Informational"
    },{
      "Name":"Log Entry 17",
      "Description":"Log Entry 17",
      "Message":" pam_ldap_manager(redfish:account): End ---------->\n",
      "Id":17,
      "Created":"2021 Nov 15 07:09:01",
      "EntryType":"CIMC",
      "@odata.id":"/redfish/v1/Managers/CIMC/LogServices/CIMC/Entries/17",
      "Severity":"Informational"
    },{
      "Name":"Log Entry 18",
      "Description":"Log Entry 18",
      "Message":" pam_ldap_manager(redfish:account): Start -------->\n",
      "Id":18,
      "Created":"2021 Nov 15 07:09:01",
      "EntryType":"CIMC",
      "@odata.id":"/redfish/v1/Managers/CIMC/LogServices/CIMC/Entries/18",
      "Severity":"Informational"
    },{
      "Name":"Log Entry 19",
      "Description":"Log Entry 19",
      "Message":" pam_ldap_manager(redfish:auth): End ------------->\n",
      "Id":19,
      "Created":"2021 Nov 15 07:09:01",
      "EntryType":"CIMC",
      "@odata.id":"/redfish/v1/Managers/CIMC/LogServices/CIMC/Entries/19",
      "Severity":"Informational"
    },{
      "Name":"Log Entry 20",
      "Description":"Log Entry 20",
      "Message":" pam_ldap_manager(redfish:auth): Start ----------->\n",
      "Id":20,
      "Created":"2021 Nov 15 07:09:00",
      "EntryType":"CIMC",
      "@odata.id":"/redfish/v1/Managers/CIMC/LogServices/CIMC/Entries/20",
      "Severity":"Informational"
    },{
      "Name":"Log Entry 21",
      "Description":"Log Entry 21",
      "Message":" pam_ldap_manager(redfish:account): End ---------->\n",
      "Id":21,
      "Created":"2021 Nov 15 07:08:59",
      "EntryType":"CIMC",
      "@odata.id":"/redfish/v1/Managers/CIMC/LogServices/CIMC/Entries/21",
      "Severity":"Informational"
    },{
      "Name":"Log Entry 22",
      "Description":"Log Entry 22",
      "Message":" pam_ldap_manager(redfish:account): Start -------->\n",
      "Id":22,
      "Created":"2021 Nov 15 07:08:59",
      "EntryType":"CIMC",
      "@odata.id":"/redfish/v1/Managers/CIMC/LogServices/CIMC/Entries/22",
      "Severity":"Informational"
    },{
      "Name":"Log Entry 23",
      "Description":"Log Entry 23",
      "Message":" pam_ldap_manager(redfish:auth): End ------------->\n",
      "Id":23,
      "Created":"2021 Nov 15 07:08:59",
      "EntryType":"CIMC",
      "@odata.id":"/redfish/v1/Managers/CIMC/LogServices/CIMC/Entries/23",
      "Severity":"Informational"
    },{
      "Name":"Log Entry 24",
      "Description":"Log Entry 24",
      "Message":" pam_ldap_manager(redfish:auth): Start ----------->\n",
      "Id":24,
      "Created":"2021 Nov 15 07:08:59",
      "EntryType":"CIMC",
      "@odata.id":"/redfish/v1/Managers/CIMC/LogServices/CIMC/Entries/24",
      "Severity":"Informational"
    },{
      "Name":"Log Entry 25",
      "Description":"Log Entry 25",
      "Message":" pam_ldap_manager(redfish:account): End ---------->\n",
      "Id":25,
      "Created":"2021 Nov 15 07:08:59",
      "EntryType":"CIMC",
      "@odata.id":"/redfish/v1/Managers/CIMC/LogServices/CIMC/Entries/25",
      "Severity":"Informational"
    },{
      "Name":"Log Entry 26",
      "Description":"Log Entry 26",
      "Message":" pam_ldap_manager(redfish:account): Start -------->\n",
      "Id":26,
      "Created":"2021 Nov 15 07:08:59",
      "EntryType":"CIMC",
      "@odata.id":"/redfish/v1/Managers/CIMC/LogServices/CIMC/Entries/26",
      "Severity":"Informational"
    },{
      "Name":"Log Entry 27",
      "Description":"Log Entry 27",
      "Message":" pam_ldap_manager(redfish:auth): End ------------->\n",
      "Id":27,
      "Created":"2021 Nov 15 07:08:59",
      "EntryType":"CIMC",
      "@odata.id":"/redfish/v1/Managers/CIMC/LogServices/CIMC/Entries/27",
      "Severity":"Informational"
    },{
      "Name":"Log Entry 28",
      "Description":"Log Entry 28",
      "Message":" pam_ldap_manager(redfish:auth): Start ----------->\n",
      "Id":28,
      "Created":"2021 Nov 15 07:08:58",
      "EntryType":"CIMC",
      "@odata.id":"/redfish/v1/Managers/CIMC/LogServices/CIMC/Entries/28",
      "Severity":"Informational"
    },{
      "Name":"Log Entry 29",
      "Description":"Log Entry 29",
      "Message":" pam_ldap_manager(redfish:account): End ---------->\n",
      "Id":29,
      "Created":"2021 Nov 15 07:08:58",
      "EntryType":"CIMC",
      "@odata.id":"/redfish/v1/Managers/CIMC/LogServices/CIMC/Entries/29",
      "Severity":"Informational"
    },{
      "Name":"Log Entry 30",
      "Description":"Log Entry 30",
      "Message":" pam_ldap_manager(redfish:account): Start -------->\n",
      "Id":30,
      "Created":"2021 Nov 15 07:08:58",
      "EntryType":"CIMC",
      "@odata.id":"/redfish/v1/Managers/CIMC/LogServices/CIMC/Entries/30",
      "Severity":"Informational"
    },{
      "Name":"Log Entry 31",
      "Description":"Log Entry 31",
      "Message":" pam_ldap_manager(redfish:auth): End ------------->\n",
      "Id":31,
      "Created":"2021 Nov 15 07:08:58",
      "EntryType":"CIMC",
      "@odata.id":"/redfish/v1/Managers/CIMC/LogServices/CIMC/Entries/31",
      "Severity":"Informational"
    },{
      "Name":"Log Entry 32",
      "Description":"Log Entry 32",
      "Message":" pam_ldap_manager(redfish:auth): Start ----------->\n",
      "Id":32,
      "Created":"2021 Nov 15 07:08:58",
      "EntryType":"CIMC",
      "@odata.id":"/redfish/v1/Managers/CIMC/LogServices/CIMC/Entries/32",
      "Severity":"Informational"
    },{
      "Name":"Log Entry 33",
      "Description":"Log Entry 33",
      "Message":" pam_ldap_manager(redfish:account): End ---------->\n",
      "Id":33,
      "Created":"2021 Nov 15 07:08:58",
      "EntryType":"CIMC",
      "@odata.id":"/redfish/v1/Managers/CIMC/LogServices/CIMC/Entries/33",
      "Severity":"Informational"
    },{
      "Name":"Log Entry 34",
      "Description":"Log Entry 34",
      "Message":" pam_ldap_manager(redfish:account): Start -------->\n",
      "Id":34,
      "Created":"2021 Nov 15 07:08:58",
      "EntryType":"CIMC",
      "@odata.id":"/redfish/v1/Managers/CIMC/LogServices/CIMC/Entries/34",
      "Severity":"Informational"
    },{
      "Name":"Log Entry 35",
      "Description":"Log Entry 35",
      "Message":" pam_ldap_manager(redfish:auth): End ------------->\n",
      "Id":35,
      "Created":"2021 Nov 15 07:08:58",
      "EntryType":"CIMC",
      "@odata.id":"/redfish/v1/Managers/CIMC/LogServices/CIMC/Entries/35",
      "Severity":"Informational"
    },{
      "Name":"Log Entry 36",
      "Description":"Log Entry 36",
      "Message":" pam_ldap_manager(redfish:auth): Start ----------->\n",
      "Id":36,
      "Created":"2021 Nov 15 07:08:58",
      "EntryType":"CIMC",
      "@odata.id":"/redfish/v1/Managers/CIMC/LogServices/CIMC/Entries/36",
      "Severity":"Informational"
    },{
      "Name":"Log Entry 37",
      "Description":"Log Entry 37",
      "Message":" pam_ldap_manager(redfish:account): End ---------->\n",
      "Id":37,
      "Created":"2021 Nov 15 07:08:57",
      "EntryType":"CIMC",
      "@odata.id":"/redfish/v1/Managers/CIMC/LogServices/CIMC/Entries/37",
      "Severity":"Informational"
    },{
      "Name":"Log Entry 38",
      "Description":"Log Entry 38",
      "Message":" pam_ldap_manager(redfish:account): Start -------->\n",
      "Id":38,
      "Created":"2021 Nov 15 07:08:57",
      "EntryType":"CIMC",
      "@odata.id":"/redfish/v1/Managers/CIMC/LogServices/CIMC/Entries/38",
      "Severity":"Informational"
    },{
      "Name":"Log Entry 39",
      "Description":"Log Entry 39",
      "Message":" pam_ldap_manager(redfish:auth): End ------------->\n",
      "Id":39,
      "Created":"2021 Nov 15 07:08:57",
      "EntryType":"CIMC",
      "@odata.id":"/redfish/v1/Managers/CIMC/LogServices/CIMC/Entries/39",
      "Severity":"Informational"
    },{
      "Name":"Log Entry 40",
      "Description":"Log Entry 40",
      "Message":" pam_ldap_manager(redfish:auth): Start ----------->\n",
      "Id":40,
      "Created":"2021 Nov 15 07:08:57",
      "EntryType":"CIMC",
      "@odata.id":"/redfish/v1/Managers/CIMC/LogServices/CIMC/Entries/40",
      "Severity":"Informational"
    },{
      "Name":"Log Entry 41",
      "Description":"Log Entry 41",
      "Message":" pam_ldap_manager(redfish:account): End ---------->\n",
      "Id":41,
      "Created":"2021 Nov 15 07:08:56",
      "EntryType":"CIMC",
      "@odata.id":"/redfish/v1/Managers/CIMC/LogServices/CIMC/Entries/41",
      "Severity":"Informational"
    },{
      "Name":"Log Entry 42",
      "Description":"Log Entry 42",
      "Message":" pam_ldap_manager(redfish:account): Start -------->\n",
      "Id":42,
      "Created":"2021 Nov 15 07:08:56",
      "EntryType":"CIMC",
      "@odata.id":"/redfish/v1/Managers/CIMC/LogServices/CIMC/Entries/42",
      "Severity":"Informational"
    },{
      "Name":"Log Entry 43",
      "Description":"Log Entry 43",
      "Message":" pam_ldap_manager(redfish:auth): End ------------->\n",
      "Id":43,
      "Created":"2021 Nov 15 07:08:56",
      "EntryType":"CIMC",
      "@odata.id":"/redfish/v1/Managers/CIMC/LogServices/CIMC/Entries/43",
      "Severity":"Informational"
    },{
      "Name":"Log Entry 44",
      "Description":"Log Entry 44",
      "Message":" pam_ldap_manager(redfish:auth): Start ----------->\n",
      "Id":44,
      "Created":"2021 Nov 15 07:08:56",
      "EntryType":"CIMC",
      "@odata.id":"/redfish/v1/Managers/CIMC/LogServices/CIMC/Entries/44",
      "Severity":"Informational"
    },{
      "Name":"Log Entry 45",
      "Description":"Log Entry 45",
      "Message":" pam_ldap_manager(redfish:account): End ---------->\n",
      "Id":45,
      "Created":"2021 Nov 15 07:08:56",
      "EntryType":"CIMC",
      "@odata.id":"/redfish/v1/Managers/CIMC/LogServices/CIMC/Entries/45",
      "Severity":"Informational"
    },{
      "Name":"Log Entry 46",
      "Description":"Log Entry 46",
      "Message":" pam_ldap_manager(redfish:account): Start -------->\n",
      "Id":46,
      "Created":"2021 Nov 15 07:08:56",
      "EntryType":"CIMC",
      "@odata.id":"/redfish/v1/Managers/CIMC/LogServices/CIMC/Entries/46",
      "Severity":"Informational"
    },{
      "Name":"Log Entry 47",
      "Description":"Log Entry 47",
      "Message":" pam_ldap_manager(redfish:auth): End ------------->\n",
      "Id":47,
      "Created":"2021 Nov 15 07:08:56",
      "EntryType":"CIMC",
      "@odata.id":"/redfish/v1/Managers/CIMC/LogServices/CIMC/Entries/47",
      "Severity":"Informational"
    },{
      "Name":"Log Entry 48",
      "Description":"Log Entry 48",
      "Message":" pam_ldap_manager(redfish:auth): Start ----------->\n",
      "Id":48,
      "Created":"2021 Nov 15 07:08:56",
      "EntryType":"CIMC",
      "@odata.id":"/redfish/v1/Managers/CIMC/LogServices/CIMC/Entries/48",
      "Severity":"Informational"
    },{
      "Name":"Log Entry 49",
      "Description":"Log Entry 49",
      "Message":" pam_ldap_manager(redfish:account): End ---------->\n",
      "Id":49,
      "Created":"2021 Nov 15 07:08:55",
      "EntryType":"CIMC",
      "@odata.id":"/redfish/v1/Managers/CIMC/LogServices/CIMC/Entries/49",
      "Severity":"Informational"
    },{
      "Name":"Log Entry 50",
      "Description":"Log Entry 50",
      "Message":" pam_ldap_manager(redfish:account): Start -------->\n",
      "Id":50,
      "Created":"2021 Nov 15 07:08:55",
      "EntryType":"CIMC",
      "@odata.id":"/redfish/v1/Managers/CIMC/LogServices/CIMC/Entries/50",
      "Severity":"Informational"
    }],
  "Members@odata.count":50,
  "@odata.type":"#LogEntry.1.0.0.LogEntryCollection",
  "@odata.id":"/redfish/v1/Managers/CIMC/LogServices/CIMC/Entries",
  "@odata.context":"/redfish/v1/$metadata#Managers/Members/$entity/LogServices/Members/$entity/Entries"
}