{
  "Name":"Log Entry 1327",
  "Id":"1327",
  "Message":"P2_PRESENT: Presence sensor, Device Inserted / Device Present was asserted",
  "EntryType":"SEL",
  "Description":"Log Entry 1327",
  "@odata.type":"#LogEntry.1.0.0",
  "EntryCode":"Device Inserted / Device Present",
  "Created":"2021-11-11 10:09:00 ",
  "@odata.context":"/redfish/v1/$metadata#Chassis/Members/$entity/LogServices/Members/$entity/Entries/Members/$entity",
  "@odata.id":"/redfish/v1/Chassis/Server1/LogServices/SEL/Entries/1327",
  "Severity":"Normal"
}