{
  "Name":"ComputerSystem Schema File",
  "Id":"ComputerSystem",
  "@odata.context":"/redfish/v1/$metadata#JSONSchemas/Members/$entity",
  "Languages":["en"],
  "Description":"ComputerSystem Schema File Location",
  "@odata.type":"#JSONSchemas.1.0.0.JsonSchemaFileCollection",
  "Schema":"ComputerSystem",
  "@odata.id":"/redfish/v1/JSONSchemas/ComputerSystem",
  "Location":[{
      "PublicationUri":"http://redfish.dmtf.org/schemas/v1/ComputerSystem.json",
      "Language":"en",
      "Uri":"/redfish/v1/ComputerSystem.json"
    }]
}