{
  "Name":"Log Service Collection",
  "Description":"Collection of Log Services for this Manager",
  "@odata.type":"#LogService.1.0.0.LogServiceCollection",
  "Members@odata.count":3,
  "Members":[{
      "@odata.id":"/redfish/v1/Chassis/CMC/LogServices/SEL"
    },{
      "@odata.id":"/redfish/v1/Chassis/CMC/LogServices/CIMC"
    },{
      "@odata.id":"/redfish/v1/Chassis/CMC/LogServices/Fault"
    }],
  "@odata.id":"/redfish/v1/Chassis/CMC/LogServices",
  "@odata.context":"/redfish/v1/$metadata#Chassis/Members/$entity/LogServices"
}