{
  "Name":"Log Entry 1308",
  "Id":"1308",
  "Message":"BIOS_POST_CMPLT: Presence sensor, Device Removed / Device Absent was asserted",
  "EntryType":"SEL",
  "Description":"Log Entry 1308",
  "@odata.type":"#LogEntry.1.0.0",
  "EntryCode":"Device Removed / Device Absent",
  "Created":"2021-11-11 00:37:27 ",
  "@odata.context":"/redfish/v1/$metadata#Managers/Members/$entity/LogServices/Members/$entity/Entries/Members/$entity",
  "@odata.id":"/redfish/v1/Managers/BMC1/LogServices/SEL/Entries/1308",
  "Severity":"Normal"
}