{
  "Name":"Log Entry 1338",
  "Id":"1338",
  "Message":"MAIN_POWER_PRS: Presence sensor, Device Removed / Device Absent was asserted",
  "EntryType":"SEL",
  "Description":"Log Entry 1338",
  "@odata.type":"#LogEntry.1.0.0",
  "EntryCode":"Device Removed / Device Absent",
  "Created":"2021-11-11 02:46:14 ",
  "@odata.context":"/redfish/v1/$metadata#Chassis/Members/$entity/LogServices/Members/$entity/Entries/Members/$entity",
  "@odata.id":"/redfish/v1/Chassis/Server1/LogServices/SEL/Entries/1338",
  "Severity":"Normal"
}