{
  "Name":"Log Entry 1312",
  "Id":"1312",
  "Message":"MAIN_POWER_PRS: Presence sensor, Device Removed / Device Absent was asserted",
  "EntryType":"SEL",
  "Description":"Log Entry 1312",
  "@odata.type":"#LogEntry.1.0.0",
  "EntryCode":"Device Removed / Device Absent",
  "Created":"2021-11-11 00:40:39 ",
  "@odata.context":"/redfish/v1/$metadata#Chassis/Members/$entity/LogServices/Members/$entity/Entries/Members/$entity",
  "@odata.id":"/redfish/v1/Chassis/Server1/LogServices/SEL/Entries/1312",
  "Severity":"Normal"
}