{
  "Name":"Manager Collection Schema File",
  "Id":"ManagerCollection",
  "@odata.context":"/redfish/v1/$metadata#JSONSchemas/Members/$entity",
  "Languages":["en"],
  "Description":"Manager Collection Schema File Location",
  "@odata.type":"#JSONSchemas.1.0.0.JsonSchemaFileCollection",
  "Schema":"ManagerCollection",
  "@odata.id":"/redfish/v1/JSONSchemas/ManagerCollection",
  "Location":[{
      "PublicationUri":"http://redfish.dmtf.org/schemas/v1/ManagerCollection.json",
      "Language":"en",
      "Uri":"/redfish/v1/ManagerCollection.json"
    }]
}