{
  "Name":"JSON Schema Collection",
  "Description":"Schema Repository",
  "@odata.type":"#JSONSchemas.1.0.0.JsonSchemaFileCollection",
  "Members@odata.count":84,
  "Members":[{
      "@odata.id":"/redfish/v1/JSONSchemas/AccountService.1.0.0"
    },{
      "@odata.id":"/redfish/v1/JSONSchemas/AccountService"
    },{
      "@odata.id":"/redfish/v1/JSONSchemas/Chassis.1.0.0"
    },{
      "@odata.id":"/redfish/v1/JSONSchemas/Chassis"
    },{
      "@odata.id":"/redfish/v1/JSONSchemas/ChassisCollection"
    },{
      "@odata.id":"/redfish/v1/JSONSchemas/ComputerSystem.1.0.0"
    },{
      "@odata.id":"/redfish/v1/JSONSchemas/ComputerSystem"
    },{
      "@odata.id":"/redfish/v1/JSONSchemas/ComputerSystemCollection"
    },{
      "@odata.id":"/redfish/v1/JSONSchemas/EthernetInterface.1.0.0"
    },{
      "@odata.id":"/redfish/v1/JSONSchemas/EthernetInterface"
    },{
      "@odata.id":"/redfish/v1/JSONSchemas/EthernetInterfaceCollection"
    },{
      "@odata.id":"/redfish/v1/JSONSchemas/Event.1.0.0"
    },{
      "@odata.id":"/redfish/v1/JSONSchemas/Event"
    },{
      "@odata.id":"/redfish/v1/JSONSchemas/EventDestination.1.0.0"
    },{
      "@odata.id":"/redfish/v1/JSONSchemas/EventDestination"
    },{
      "@odata.id":"/redfish/v1/JSONSchemas/EventDestinationCollection"
    },{
      "@odata.id":"/redfish/v1/JSONSchemas/EventService.1.0.0"
    },{
      "@odata.id":"/redfish/v1/JSONSchemas/EventService"
    },{
      "@odata.id":"/redfish/v1/JSONSchemas/ExtendedInfo.1.0.0"
    },{
      "@odata.id":"/redfish/v1/JSONSchemas/IPAddresses.1.0.0"
    },{
      "@odata.id":"/redfish/v1/JSONSchemas/JsonSchemaFile.1.0.0"
    },{
      "@odata.id":"/redfish/v1/JSONSchemas/JsonSchemaFile"
    },{
      "@odata.id":"/redfish/v1/JSONSchemas/JsonSchemaFileCollection"
    },{
      "@odata.id":"/redfish/v1/JSONSchemas/LogEntry.1.0.0"
    },{
      "@odata.id":"/redfish/v1/JSONSchemas/LogEntry"
    },{
      "@odata.id":"/redfish/v1/JSONSchemas/LogEntryCollection"
    },{
      "@odata.id":"/redfish/v1/JSONSchemas/LogService.1.0.0"
    },{
      "@odata.id":"/redfish/v1/JSONSchemas/LogService"
    },{
      "@odata.id":"/redfish/v1/JSONSchemas/LogServiceCollection"
    },{
      "@odata.id":"/redfish/v1/JSONSchemas/Manager.1.0.0"
    },{
      "@odata.id":"/redfish/v1/JSONSchemas/Manager"
    },{
      "@odata.id":"/redfish/v1/JSONSchemas/ManagerAccount.1.0.0"
    },{
      "@odata.id":"/redfish/v1/JSONSchemas/ManagerAccount"
    },{
      "@odata.id":"/redfish/v1/JSONSchemas/ManagerAccountCollection"
    },{
      "@odata.id":"/redfish/v1/JSONSchemas/ManagerCollection"
    },{
      "@odata.id":"/redfish/v1/JSONSchemas/ManagerNetworkProtocol.1.0.0"
    },{
      "@odata.id":"/redfish/v1/JSONSchemas/ManagerNetworkProtocol"
    },{
      "@odata.id":"/redfish/v1/JSONSchemas/Message.1.0.0"
    },{
      "@odata.id":"/redfish/v1/JSONSchemas/MessageRegistry.1.0.0"
    },{
      "@odata.id":"/redfish/v1/JSONSchemas/MessageRegistry"
    },{
      "@odata.id":"/redfish/v1/JSONSchemas/PhysicalContext.1.0.0"
    },{
      "@odata.id":"/redfish/v1/JSONSchemas/Power.1.0.0"
    },{
      "@odata.id":"/redfish/v1/JSONSchemas/Power"
    },{
      "@odata.id":"/redfish/v1/JSONSchemas/Privileges.1.0.0"
    },{
      "@odata.id":"/redfish/v1/JSONSchemas/Processor.1.0.0"
    },{
      "@odata.id":"/redfish/v1/JSONSchemas/Processor"
    },{
      "@odata.id":"/redfish/v1/JSONSchemas/ProcessorCollection"
    },{
      "@odata.id":"/redfish/v1/JSONSchemas/Redundancy.1.0.0"
    },{
      "@odata.id":"/redfish/v1/JSONSchemas/Redundancy"
    },{
      "@odata.id":"/redfish/v1/JSONSchemas/Resource.1.0.0"
    },{
      "@odata.id":"/redfish/v1/JSONSchemas/Resource"
    },{
      "@odata.id":"/redfish/v1/JSONSchemas/Role.1.0.0"
    },{
      "@odata.id":"/redfish/v1/JSONSchemas/Role"
    },{
      "@odata.id":"/redfish/v1/JSONSchemas/RoleCollection"
    },{
      "@odata.id":"/redfish/v1/JSONSchemas/SerialInterface.1.0.0"
    },{
      "@odata.id":"/redfish/v1/JSONSchemas/SerialInterface"
    },{
      "@odata.id":"/redfish/v1/JSONSchemas/SerialInterfaceCollection"
    },{
      "@odata.id":"/redfish/v1/JSONSchemas/ServiceRoot.1.0.0"
    },{
      "@odata.id":"/redfish/v1/JSONSchemas/ServiceRoot"
    },{
      "@odata.id":"/redfish/v1/JSONSchemas/Session.1.0.0"
    },{
      "@odata.id":"/redfish/v1/JSONSchemas/Session"
    },{
      "@odata.id":"/redfish/v1/JSONSchemas/SessionCollection"
    },{
      "@odata.id":"/redfish/v1/JSONSchemas/SessionService.1.0.0"
    },{
      "@odata.id":"/redfish/v1/JSONSchemas/SessionService"
    },{
      "@odata.id":"/redfish/v1/JSONSchemas/Settings.1.0.0"
    },{
      "@odata.id":"/redfish/v1/JSONSchemas/Settings"
    },{
      "@odata.id":"/redfish/v1/JSONSchemas/SimpleStorage.1.0.0"
    },{
      "@odata.id":"/redfish/v1/JSONSchemas/SimpleStorage"
    },{
      "@odata.id":"/redfish/v1/JSONSchemas/SimpleStorageCollection"
    },{
      "@odata.id":"/redfish/v1/JSONSchemas/Task.1.0.0"
    },{
      "@odata.id":"/redfish/v1/JSONSchemas/Task"
    },{
      "@odata.id":"/redfish/v1/JSONSchemas/TaskCollection"
    },{
      "@odata.id":"/redfish/v1/JSONSchemas/TaskService.1.0.0"
    },{
      "@odata.id":"/redfish/v1/JSONSchemas/TaskService"
    },{
      "@odata.id":"/redfish/v1/JSONSchemas/Thermal.1.0.0"
    },{
      "@odata.id":"/redfish/v1/JSONSchemas/Thermal"
    },{
      "@odata.id":"/redfish/v1/JSONSchemas/VLanNetworkInterface.1.0.0"
    },{
      "@odata.id":"/redfish/v1/JSONSchemas/VLanNetworkInterface"
    },{
      "@odata.id":"/redfish/v1/JSONSchemas/VLanNetworkInterfaceCollection"
    },{
      "@odata.id":"/redfish/v1/JSONSchemas/VirtualMedia.1.0.0"
    },{
      "@odata.id":"/redfish/v1/JSONSchemas/VirtualMedia"
    },{
      "@odata.id":"/redfish/v1/JSONSchemas/VirtualMediaCollection"
    },{
      "@odata.id":"/redfish/v1/JSONSchemas/odata.4.0.0"
    },{
      "@odata.id":"/redfish/v1/JSONSchemas/redfish-schema.1.0.0"
    }],
  "@odata.id":"/redfish/v1/JSONSchemas",
  "@odata.context":"/redfish/v1/$metadata#JSONSchemas"
}