{
  "Name":"Thermal",
  "Status":{
    "State":"Enabled",
    "Health":"OK"
  },
  "Id":"Thermal",
  "@odata.context":"/redfish/v1/$metadata#Chassis/Members/$entity/Thermal",
  "Description":"Represents the properties for Temperature and Cooling",
  "@odata.type":"#Cisco_Thermal",
  "@odata.id":"/redfish/v1/Chassis/CMC/Thermal",
  "Temperatures":[{
      "Name":"SIOC1_BACK_TEMP",
      "MemberID":1,
      "UpperThresholdNonCritical":"70.0",
      "LowerThresholdNonCritical":"N/A",
      "UpperThresholdCritical":"80.0",
      "RelatedItem":{
        "@odata.id":"/redfish/v1/Chassis/CMC"
      },
      "PhysicalContext":"SystemBoard",
      "Status":{
        "State":"Enabled",
        "Health":"OK"
      },
      "ReadingCelsius":"28.0",
      "@odata.id":"/redfish/v1/Chassis/CMC/Thermal#/Temperatures/SIOC1_BACK_TEMP",
      "LowerThresholdCritical":"N/A"
    },{
      "Name":"SIOC1_FRONT_TEMP",
      "MemberID":2,
      "UpperThresholdNonCritical":"70.0",
      "LowerThresholdNonCritical":"N/A",
      "UpperThresholdCritical":"80.0",
      "RelatedItem":{
        "@odata.id":"/redfish/v1/Chassis/CMC"
      },
      "PhysicalContext":"SystemBoard",
      "Status":{
        "State":"Enabled",
        "Health":"OK"
      },
      "ReadingCelsius":"34.0",
      "@odata.id":"/redfish/v1/Chassis/CMC/Thermal#/Temperatures/SIOC1_FRONT_TEMP",
      "LowerThresholdCritical":"N/A"
    },{
      "Name":"SIOC1_MID_TEMP",
      "MemberID":3,
      "UpperThresholdNonCritical":"70.0",
      "LowerThresholdNonCritical":"N/A",
      "UpperThresholdCritical":"80.0",
      "RelatedItem":{
        "@odata.id":"/redfish/v1/Chassis/CMC"
      },
      "PhysicalContext":"SystemBoard",
      "Status":{
        "State":"Enabled",
        "Health":"OK"
      },
      "ReadingCelsius":"33.0",
      "@odata.id":"/redfish/v1/Chassis/CMC/Thermal#/Temperatures/SIOC1_MID_TEMP",
      "LowerThresholdCritical":"N/A"
    },{
      "Name":"SIOC1_VIC_TEMP",
      "MemberID":4,
      "UpperThresholdNonCritical":"70.0",
      "LowerThresholdNonCritical":"N/A",
      "UpperThresholdCritical":"80.0",
      "RelatedItem":{
        "@odata.id":"/redfish/v1/Chassis/CMC"
      },
      "PhysicalContext":"SystemBoard",
      "Status":{
        "State":"Enabled",
        "Health":"OK"
      },
      "ReadingCelsius":"35.0",
      "@odata.id":"/redfish/v1/Chassis/CMC/Thermal#/Temperatures/SIOC1_VIC_TEMP",
      "LowerThresholdCritical":"N/A"
    },{
      "Name":"MOBO_R_BOT_TEMP",
      "MemberID":5,
      "UpperThresholdNonCritical":"70.0",
      "LowerThresholdNonCritical":"N/A",
      "UpperThresholdCritical":"80.0",
      "RelatedItem":{
        "@odata.id":"/redfish/v1/Chassis/CMC"
      },
      "PhysicalContext":"SystemBoard",
      "Status":{
        "State":"Enabled",
        "Health":"OK"
      },
      "ReadingCelsius":"26.0",
      "@odata.id":"/redfish/v1/Chassis/CMC/Thermal#/Temperatures/MOBO_R_BOT_TEMP",
      "LowerThresholdCritical":"N/A"
    },{
      "Name":"MOBO_L_BOT_TEMP",
      "MemberID":6,
      "UpperThresholdNonCritical":"70.0",
      "LowerThresholdNonCritical":"N/A",
      "UpperThresholdCritical":"80.0",
      "RelatedItem":{
        "@odata.id":"/redfish/v1/Chassis/CMC"
      },
      "PhysicalContext":"SystemBoard",
      "Status":{
        "State":"Enabled",
        "Health":"OK"
      },
      "ReadingCelsius":"27.0",
      "@odata.id":"/redfish/v1/Chassis/CMC/Thermal#/Temperatures/MOBO_L_BOT_TEMP",
      "LowerThresholdCritical":"N/A"
    },{
      "Name":"MOBO_R_MID_TEMP",
      "MemberID":7,
      "UpperThresholdNonCritical":"55.0",
      "LowerThresholdNonCritical":"N/A",
      "UpperThresholdCritical":"60.0",
      "RelatedItem":{
        "@odata.id":"/redfish/v1/Chassis/CMC"
      },
      "PhysicalContext":"SystemBoard",
      "Status":{
        "State":"Enabled",
        "Health":"OK"
      },
      "ReadingCelsius":"19.0",
      "@odata.id":"/redfish/v1/Chassis/CMC/Thermal#/Temperatures/MOBO_R_MID_TEMP",
      "LowerThresholdCritical":"N/A"
    },{
      "Name":"MOBO_R_IN_TEMP",
      "MemberID":8,
      "UpperThresholdNonCritical":"40.0",
      "LowerThresholdNonCritical":"N/A",
      "UpperThresholdCritical":"45.0",
      "RelatedItem":{
        "@odata.id":"/redfish/v1/Chassis/CMC"
      },
      "PhysicalContext":"SystemBoard",
      "Status":{
        "State":"Enabled",
        "Health":"OK"
      },
      "ReadingCelsius":"15.0",
      "@odata.id":"/redfish/v1/Chassis/CMC/Thermal#/Temperatures/MOBO_R_IN_TEMP",
      "LowerThresholdCritical":"N/A"
    },{
      "Name":"MOBO_L_IN_TEMP",
      "MemberID":9,
      "UpperThresholdNonCritical":"40.0",
      "LowerThresholdNonCritical":"N/A",
      "UpperThresholdCritical":"45.0",
      "RelatedItem":{
        "@odata.id":"/redfish/v1/Chassis/CMC"
      },
      "PhysicalContext":"SystemBoard",
      "Status":{
        "State":"Enabled",
        "Health":"OK"
      },
      "ReadingCelsius":"15.0",
      "@odata.id":"/redfish/v1/Chassis/CMC/Thermal#/Temperatures/MOBO_L_IN_TEMP",
      "LowerThresholdCritical":"N/A"
    },{
      "Name":"MOBO_L_MID_TEMP",
      "MemberID":10,
      "UpperThresholdNonCritical":"55.0",
      "LowerThresholdNonCritical":"N/A",
      "UpperThresholdCritical":"60.0",
      "RelatedItem":{
        "@odata.id":"/redfish/v1/Chassis/CMC"
      },
      "PhysicalContext":"SystemBoard",
      "Status":{
        "State":"Enabled",
        "Health":"OK"
      },
      "ReadingCelsius":"19.0",
      "@odata.id":"/redfish/v1/Chassis/CMC/Thermal#/Temperatures/MOBO_L_MID_TEMP",
      "LowerThresholdCritical":"N/A"
    },{
      "Name":"MOBO_R_OUT_TEMP",
      "MemberID":11,
      "UpperThresholdNonCritical":"60.0",
      "LowerThresholdNonCritical":"N/A",
      "UpperThresholdCritical":"65.0",
      "RelatedItem":{
        "@odata.id":"/redfish/v1/Chassis/CMC"
      },
      "PhysicalContext":"SystemBoard",
      "Status":{
        "State":"Enabled",
        "Health":"OK"
      },
      "ReadingCelsius":"27.0",
      "@odata.id":"/redfish/v1/Chassis/CMC/Thermal#/Temperatures/MOBO_R_OUT_TEMP",
      "LowerThresholdCritical":"N/A"
    },{
      "Name":"MOBO_L_OUT_TEMP",
      "MemberID":12,
      "UpperThresholdNonCritical":"60.0",
      "LowerThresholdNonCritical":"N/A",
      "UpperThresholdCritical":"65.0",
      "RelatedItem":{
        "@odata.id":"/redfish/v1/Chassis/CMC"
      },
      "PhysicalContext":"SystemBoard",
      "Status":{
        "State":"Enabled",
        "Health":"OK"
      },
      "ReadingCelsius":"25.0",
      "@odata.id":"/redfish/v1/Chassis/CMC/Thermal#/Temperatures/MOBO_L_OUT_TEMP",
      "LowerThresholdCritical":"N/A"
    },{
      "Name":"PSU1_TEMP",
      "MemberID":13,
      "UpperThresholdNonCritical":"50.0",
      "LowerThresholdNonCritical":"N/A",
      "UpperThresholdCritical":"55.0",
      "RelatedItem":{
        "@odata.id":"/redfish/v1/Chassis/CMC"
      },
      "PhysicalContext":"PowerSupply",
      "Status":{
        "State":"Enabled",
        "Health":"OK"
      },
      "ReadingCelsius":"18.0",
      "@odata.id":"/redfish/v1/Chassis/CMC/Thermal#/Temperatures/PSU1_TEMP",
      "LowerThresholdCritical":"N/A"
    },{
      "Name":"PSU2_TEMP",
      "MemberID":14,
      "UpperThresholdNonCritical":"50.0",
      "LowerThresholdNonCritical":"N/A",
      "UpperThresholdCritical":"55.0",
      "RelatedItem":{
        "@odata.id":"/redfish/v1/Chassis/CMC"
      },
      "PhysicalContext":"PowerSupply",
      "Status":{
        "State":"Enabled",
        "Health":"OK"
      },
      "ReadingCelsius":"25.0",
      "@odata.id":"/redfish/v1/Chassis/CMC/Thermal#/Temperatures/PSU2_TEMP",
      "LowerThresholdCritical":"N/A"
    },{
      "Name":"PSU3_TEMP",
      "MemberID":15,
      "UpperThresholdNonCritical":"50.0",
      "LowerThresholdNonCritical":"N/A",
      "UpperThresholdCritical":"55.0",
      "RelatedItem":{
        "@odata.id":"/redfish/v1/Chassis/CMC"
      },
      "PhysicalContext":"PowerSupply",
      "Status":{
        "State":"Enabled",
        "Health":"OK"
      },
      "ReadingCelsius":"21.0",
      "@odata.id":"/redfish/v1/Chassis/CMC/Thermal#/Temperatures/PSU3_TEMP",
      "LowerThresholdCritical":"N/A"
    },{
      "Name":"PSU4_TEMP",
      "MemberID":16,
      "UpperThresholdNonCritical":"50.0",
      "LowerThresholdNonCritical":"N/A",
      "UpperThresholdCritical":"55.0",
      "RelatedItem":{
        "@odata.id":"/redfish/v1/Chassis/CMC"
      },
      "PhysicalContext":"PowerSupply",
      "Status":{
        "State":"Enabled",
        "Health":"OK"
      },
      "ReadingCelsius":"18.0",
      "@odata.id":"/redfish/v1/Chassis/CMC/Thermal#/Temperatures/PSU4_TEMP",
      "LowerThresholdCritical":"N/A"
    },{
      "Name":"SIOC1_CMC_TEMP",
      "MemberID":17,
      "UpperThresholdNonCritical":"75.0",
      "LowerThresholdNonCritical":"N/A",
      "UpperThresholdCritical":"85.0",
      "RelatedItem":{
        "@odata.id":"/redfish/v1/Chassis/CMC"
      },
      "PhysicalContext":"SystemBoard",
      "Status":{
        "State":"Enabled",
        "Health":"OK"
      },
      "ReadingCelsius":"46.0",
      "@odata.id":"/redfish/v1/Chassis/CMC/Thermal#/Temperatures/SIOC1_CMC_TEMP",
      "LowerThresholdCritical":"N/A"
    },{
      "Name":"MOBO_R_EXP_TEMP",
      "MemberID":18,
      "UpperThresholdNonCritical":"80.0",
      "LowerThresholdNonCritical":"N/A",
      "UpperThresholdCritical":"90.0",
      "RelatedItem":{
        "@odata.id":"/redfish/v1/Chassis/CMC"
      },
      "PhysicalContext":"SystemBoard",
      "Status":{
        "State":"Enabled",
        "Health":"OK"
      },
      "ReadingCelsius":"45.0",
      "@odata.id":"/redfish/v1/Chassis/CMC/Thermal#/Temperatures/MOBO_R_EXP_TEMP",
      "LowerThresholdCritical":"N/A"
    },{
      "Name":"MOBO_L_EXP_TEMP",
      "MemberID":19,
      "UpperThresholdNonCritical":"80.0",
      "LowerThresholdNonCritical":"N/A",
      "UpperThresholdCritical":"90.0",
      "RelatedItem":{
        "@odata.id":"/redfish/v1/Chassis/CMC"
      },
      "PhysicalContext":"SystemBoard",
      "Status":{
        "State":"Enabled",
        "Health":"OK"
      },
      "ReadingCelsius":"44.0",
      "@odata.id":"/redfish/v1/Chassis/CMC/Thermal#/Temperatures/MOBO_L_EXP_TEMP",
      "LowerThresholdCritical":"N/A"
    }],
  "Temperatures@odata.count":19,
  "Fans@odata.count":8,
  "Fans":[{
      "MemberID":1,
      "UpperThresholdNonCritical":"N/A",
      "LowerThresholdNonCritical":"2040",
      "UpperThresholdCritical":"N/A",
      "PhysicalContext":"Backplane",
      "Status":{
        "State":"Enabled",
        "Health":"OK"
      },
      "RelatedItem":{
        "@odata.id":"/redfish/v1/Chassis/CMC"
      },
      "FanName":"FAN1_SPEED",
      "LowerThresholdCritical":"1800",
      "@odata.id":"/redfish/v1/Chassis/CMC/Thermal#/Fans/FAN1",
      "ReadingRPM":"6720"
    },{
      "MemberID":2,
      "UpperThresholdNonCritical":"N/A",
      "LowerThresholdNonCritical":"2040",
      "UpperThresholdCritical":"N/A",
      "PhysicalContext":"Backplane",
      "Status":{
        "State":"Enabled",
        "Health":"OK"
      },
      "RelatedItem":{
        "@odata.id":"/redfish/v1/Chassis/CMC"
      },
      "FanName":"FAN2_SPEED",
      "LowerThresholdCritical":"1800",
      "@odata.id":"/redfish/v1/Chassis/CMC/Thermal#/Fans/FAN2",
      "ReadingRPM":"6660"
    },{
      "MemberID":3,
      "UpperThresholdNonCritical":"N/A",
      "LowerThresholdNonCritical":"2040",
      "UpperThresholdCritical":"N/A",
      "PhysicalContext":"Backplane",
      "Status":{
        "State":"Enabled",
        "Health":"OK"
      },
      "RelatedItem":{
        "@odata.id":"/redfish/v1/Chassis/CMC"
      },
      "FanName":"FAN3_SPEED",
      "LowerThresholdCritical":"1800",
      "@odata.id":"/redfish/v1/Chassis/CMC/Thermal#/Fans/FAN3",
      "ReadingRPM":"6720"
    },{
      "MemberID":4,
      "UpperThresholdNonCritical":"N/A",
      "LowerThresholdNonCritical":"2040",
      "UpperThresholdCritical":"N/A",
      "PhysicalContext":"Backplane",
      "Status":{
        "State":"Enabled",
        "Health":"OK"
      },
      "RelatedItem":{
        "@odata.id":"/redfish/v1/Chassis/CMC"
      },
      "FanName":"FAN4_SPEED",
      "LowerThresholdCritical":"1800",
      "@odata.id":"/redfish/v1/Chassis/CMC/Thermal#/Fans/FAN4",
      "ReadingRPM":"6660"
    },{
      "MemberID":5,
      "UpperThresholdNonCritical":"N/A",
      "LowerThresholdNonCritical":"2040",
      "UpperThresholdCritical":"N/A",
      "PhysicalContext":"Backplane",
      "Status":{
        "State":"Enabled",
        "Health":"OK"
      },
      "RelatedItem":{
        "@odata.id":"/redfish/v1/Chassis/CMC"
      },
      "FanName":"FAN5_SPEED",
      "LowerThresholdCritical":"1800",
      "@odata.id":"/redfish/v1/Chassis/CMC/Thermal#/Fans/FAN5",
      "ReadingRPM":"6600"
    },{
      "MemberID":6,
      "UpperThresholdNonCritical":"N/A",
      "LowerThresholdNonCritical":"2040",
      "UpperThresholdCritical":"N/A",
      "PhysicalContext":"Backplane",
      "Status":{
        "State":"Enabled",
        "Health":"OK"
      },
      "RelatedItem":{
        "@odata.id":"/redfish/v1/Chassis/CMC"
      },
      "FanName":"FAN6_SPEED",
      "LowerThresholdCritical":"1800",
      "@odata.id":"/redfish/v1/Chassis/CMC/Thermal#/Fans/FAN6",
      "ReadingRPM":"6660"
    },{
      "MemberID":7,
      "UpperThresholdNonCritical":"N/A",
      "LowerThresholdNonCritical":"2040",
      "UpperThresholdCritical":"N/A",
      "PhysicalContext":"Backplane",
      "Status":{
        "State":"Enabled",
        "Health":"OK"
      },
      "RelatedItem":{
        "@odata.id":"/redfish/v1/Chassis/CMC"
      },
      "FanName":"FAN7_SPEED",
      "LowerThresholdCritical":"1800",
      "@odata.id":"/redfish/v1/Chassis/CMC/Thermal#/Fans/FAN7",
      "ReadingRPM":"6720"
    },{
      "MemberID":8,
      "UpperThresholdNonCritical":"N/A",
      "LowerThresholdNonCritical":"2040",
      "UpperThresholdCritical":"N/A",
      "PhysicalContext":"Backplane",
      "Status":{
        "State":"Enabled",
        "Health":"OK"
      },
      "RelatedItem":{
        "@odata.id":"/redfish/v1/Chassis/CMC"
      },
      "FanName":"FAN8_SPEED",
      "LowerThresholdCritical":"1800",
      "@odata.id":"/redfish/v1/Chassis/CMC/Thermal#/Fans/FAN8",
      "ReadingRPM":"6660"
    }]
}