{
  "Name":"MessageRegistry Schema File",
  "Id":"MessageRegistry",
  "@odata.context":"/redfish/v1/$metadata#JSONSchemas/Members/$entity",
  "Languages":["en"],
  "Description":"MessageRegistry Schema File Location",
  "@odata.type":"#JSONSchemas.1.0.0.JsonSchemaFileCollection",
  "Schema":"MessageRegistry",
  "@odata.id":"/redfish/v1/JSONSchemas/MessageRegistry",
  "Location":[{
      "PublicationUri":"http://redfish.dmtf.org/schemas/v1/MessageRegistry.json",
      "Language":"en",
      "Uri":"/redfish/v1/MessageRegistry.json"
    }]
}