{
  "Name":"Chassis Collection Schema File",
  "Id":"ChassisCollection",
  "@odata.context":"/redfish/v1/$metadata#JSONSchemas/Members/$entity",
  "Languages":["en"],
  "Description":"Chassis Collection Schema File Location",
  "@odata.type":"#JSONSchemas.1.0.0.JsonSchemaFileCollection",
  "Schema":"ChassisCollection",
  "@odata.id":"/redfish/v1/JSONSchemas/ChassisCollection",
  "Location":[{
      "PublicationUri":"http://redfish.dmtf.org/schemas/v1/ChassisCollection.json",
      "Language":"en",
      "Uri":"/redfish/v1/ChassisCollection.json"
    }]
}