{
  "Name":"ComputerSystem Collection Schema File",
  "Id":"ComputerSystemCollection",
  "@odata.context":"/redfish/v1/$metadata#JSONSchemas/Members/$entity",
  "Languages":["en"],
  "Description":"ComputerSystem Collection Schema File Location",
  "@odata.type":"#JSONSchemas.1.0.0.JsonSchemaFileCollection",
  "Schema":"ComputerSystemCollection",
  "@odata.id":"/redfish/v1/JSONSchemas/ComputerSystemCollection",
  "Location":[{
      "PublicationUri":"http://redfish.dmtf.org/schemas/v1/ComputerSystemCollection.json",
      "Language":"en",
      "Uri":"/redfish/v1/ComputerSystemCollection.json"
    }]
}