{
  "Name":"Log Entry 112",
  "Id":"112",
  "Message":"B1_PRES: Presence sensor, Device Removed / Device Absent was asserted",
  "EntryType":"SEL",
  "Description":"Log Entry 112",
  "@odata.type":"#LogEntry.1.0.0",
  "EntryCode":"Device Removed / Device Absent",
  "Created":"2020-05-13 01:12:29 ",
  "@odata.context":"/redfish/v1/$metadata#Managers/Members/$entity/LogServices/Members/$entity/Entries/Members/$entity",
  "@odata.id":"/redfish/v1/Managers/CIMC/LogServices/SEL/Entries/112",
  "Severity":"Normal"
}