{
  "Name":"Role Collection Schema File",
  "Id":"RoleCollection",
  "@odata.context":"/redfish/v1/$metadata#JSONSchemas/Members/$entity",
  "Languages":["en"],
  "Description":"Role Collection Schema File Location",
  "@odata.type":"#JSONSchemas.1.0.0.JsonSchemaFileCollection",
  "Schema":"RoleCollection",
  "@odata.id":"/redfish/v1/JSONSchemas/RoleCollection",
  "Location":[{
      "PublicationUri":"http://redfish.dmtf.org/schemas/v1/RoleCollection.json",
      "Language":"en",
      "Uri":"/redfish/v1/RoleCollection.json"
    }]
}