{
  "Name":"EventDestination Collection Schema File",
  "Id":"EventDestinationCollection",
  "@odata.context":"/redfish/v1/$metadata#JSONSchemas/Members/$entity",
  "Languages":["en"],
  "Description":"EventDestination Collection Schema File Location",
  "@odata.type":"#JSONSchemas.1.0.0.JsonSchemaFileCollection",
  "Schema":"EventDestinationCollection",
  "@odata.id":"/redfish/v1/JSONSchemas/EventDestinationCollection",
  "Location":[{
      "PublicationUri":"http://redfish.dmtf.org/schemas/v1/EventDestinationCollection.json",
      "Language":"en",
      "Uri":"/redfish/v1/EventDestinationCollection.json"
    }]
}