{
  "Name":"Processor Collection Schema File",
  "Id":"ProcessorCollection",
  "@odata.context":"/redfish/v1/$metadata#JSONSchemas/Members/$entity",
  "Languages":["en"],
  "Description":"Processor Collection Schema File Location",
  "@odata.type":"#JSONSchemas.1.0.0.JsonSchemaFileCollection",
  "Schema":"ProcessorCollection",
  "@odata.id":"/redfish/v1/JSONSchemas/ProcessorCollection",
  "Location":[{
      "PublicationUri":"http://redfish.dmtf.org/schemas/v1/ProcessorCollection.json",
      "Language":"en",
      "Uri":"/redfish/v1/ProcessorCollection.json"
    }]
}