{
  "Name":"Power",
  "Id":"Power",
  "PowerControl":{
    "PowerConsumedWatts":"882"
  },
  "@odata.context":"/redfish/v1/$metadata#Chassis/Members/$entity/Power",
  "Description":"Power",
  "@odata.type":"#Cisco_Power",
  "PowerSupplies":[{
      "Name":"PSU1",
      "MemberID":1,
      "PowerSupplyType":"AC",
      "FirmwareVersion":"10062015",
      "SerialNumber":"LIT19520NGV",
      "Model":"PS-2112-9S-LF",
      "Status":{
        "state":"Enabled"
      },
      "@odata.id":"/redfish/v1/Chassis/CMC/Power#/PowerSupplies/PSU1",
      "LineInputVoltageType":"AC"
    },{
      "Name":"PSU2",
      "MemberID":2,
      "PowerSupplyType":"AC",
      "FirmwareVersion":"10062015",
      "SerialNumber":"LIT19520NGW",
      "Model":"PS-2112-9S-LF",
      "Status":{
        "state":"Enabled"
      },
      "@odata.id":"/redfish/v1/Chassis/CMC/Power#/PowerSupplies/PSU2",
      "LineInputVoltageType":"AC"
    },{
      "Name":"PSU3",
      "MemberID":3,
      "PowerSupplyType":"AC",
      "FirmwareVersion":"10062015",
      "SerialNumber":"LIT19520NGX",
      "Model":"PS-2112-9S-LF",
      "Status":{
        "state":"Enabled"
      },
      "@odata.id":"/redfish/v1/Chassis/CMC/Power#/PowerSupplies/PSU3",
      "LineInputVoltageType":"AC"
    },{
      "Name":"PSU4",
      "MemberID":4,
      "PowerSupplyType":"AC",
      "FirmwareVersion":"10062015",
      "SerialNumber":"LIT19520NGG",
      "Model":"PS-2112-9S-LF",
      "Status":{
        "state":"Enabled"
      },
      "@odata.id":"/redfish/v1/Chassis/CMC/Power#/PowerSupplies/PSU4",
      "LineInputVoltageType":"AC"
    }],
  "@odata.id":"/redfish/v1/Chassis/CMC/Power",
  "Voltages":[{
      "Name":"SIOC1_P12V",
      "MemberID":1,
      "UpperThresholdNonCritical":"N/A",
      "ReadingVolts":"11.880",
      "LowerThresholdNonCritical":"N/A",
      "UpperThresholdCritical":"12.720",
      "PhysicalContext":"PowerSupply",
      "Status":{
        "State":"Enabled",
        "Health":"OK"
      },
      "@odata.id":"/redfish/v1/Chassis/CMC/Power#/Voltages/SIOC1_P12V",
      "LowerThresholdCritical":"11.220"
    },{
      "Name":"SIOC1_P1V0",
      "MemberID":2,
      "UpperThresholdNonCritical":"N/A",
      "ReadingVolts":"1.000",
      "LowerThresholdNonCritical":"N/A",
      "UpperThresholdCritical":"1.064",
      "PhysicalContext":"PowerSupply",
      "Status":{
        "State":"Enabled",
        "Health":"OK"
      },
      "@odata.id":"/redfish/v1/Chassis/CMC/Power#/Voltages/SIOC1_P1V0",
      "LowerThresholdCritical":"0.944"
    },{
      "Name":"SIOC1_P1V2",
      "MemberID":3,
      "UpperThresholdNonCritical":"N/A",
      "ReadingVolts":"1.200",
      "LowerThresholdNonCritical":"N/A",
      "UpperThresholdCritical":"1.272",
      "PhysicalContext":"PowerSupply",
      "Status":{
        "State":"Enabled",
        "Health":"OK"
      },
      "@odata.id":"/redfish/v1/Chassis/CMC/Power#/Voltages/SIOC1_P1V2",
      "LowerThresholdCritical":"1.128"
    },{
      "Name":"SIOC1_P1V5",
      "MemberID":4,
      "UpperThresholdNonCritical":"N/A",
      "ReadingVolts":"1.510",
      "LowerThresholdNonCritical":"N/A",
      "UpperThresholdCritical":"1.590",
      "PhysicalContext":"PowerSupply",
      "Status":{
        "State":"Enabled",
        "Health":"OK"
      },
      "@odata.id":"/redfish/v1/Chassis/CMC/Power#/Voltages/SIOC1_P1V5",
      "LowerThresholdCritical":"1.410"
    },{
      "Name":"SIOC1_P2V5",
      "MemberID":5,
      "UpperThresholdNonCritical":"N/A",
      "ReadingVolts":"2.506",
      "LowerThresholdNonCritical":"N/A",
      "UpperThresholdCritical":"2.646",
      "PhysicalContext":"PowerSupply",
      "Status":{
        "State":"Enabled",
        "Health":"OK"
      },
      "@odata.id":"/redfish/v1/Chassis/CMC/Power#/Voltages/SIOC1_P2V5",
      "LowerThresholdCritical":"2.338"
    },{
      "Name":"SIOC1_P3V3",
      "MemberID":6,
      "UpperThresholdNonCritical":"N/A",
      "ReadingVolts":"3.320",
      "LowerThresholdNonCritical":"N/A",
      "UpperThresholdCritical":"3.500",
      "PhysicalContext":"PowerSupply",
      "Status":{
        "State":"Enabled",
        "Health":"OK"
      },
      "@odata.id":"/redfish/v1/Chassis/CMC/Power#/Voltages/SIOC1_P3V3",
      "LowerThresholdCritical":"3.100"
    },{
      "Name":"SIOC1_P12V_STBY",
      "MemberID":7,
      "UpperThresholdNonCritical":"N/A",
      "ReadingVolts":"12.060",
      "LowerThresholdNonCritical":"N/A",
      "UpperThresholdCritical":"12.720",
      "PhysicalContext":"PowerSupply",
      "Status":{
        "State":"Enabled",
        "Health":"OK"
      },
      "@odata.id":"/redfish/v1/Chassis/CMC/Power#/Voltages/SIOC1_P12V_STBY",
      "LowerThresholdCritical":"11.280"
    },{
      "Name":"SIOC1_P3V3_STBY",
      "MemberID":8,
      "UpperThresholdNonCritical":"N/A",
      "ReadingVolts":"3.340",
      "LowerThresholdNonCritical":"N/A",
      "UpperThresholdCritical":"3.460",
      "PhysicalContext":"PowerSupply",
      "Status":{
        "State":"Enabled",
        "Health":"OK"
      },
      "@odata.id":"/redfish/v1/Chassis/CMC/Power#/Voltages/SIOC1_P3V3_STBY",
      "LowerThresholdCritical":"3.140"
    },{
      "Name":"PSU1_VIN",
      "MemberID":9,
      "UpperThresholdNonCritical":"N/A",
      "ReadingVolts":"226.000",
      "LowerThresholdNonCritical":"N/A",
      "UpperThresholdCritical":"264.000",
      "PhysicalContext":"PowerSupply",
      "Status":{
        "State":"Enabled",
        "Health":"OK"
      },
      "@odata.id":"/redfish/v1/Chassis/CMC/Power#/Voltages/PSU1_VIN",
      "LowerThresholdCritical":"N/A"
    },{
      "Name":"PSU2_VIN",
      "MemberID":10,
      "UpperThresholdNonCritical":"N/A",
      "ReadingVolts":"226.000",
      "LowerThresholdNonCritical":"N/A",
      "UpperThresholdCritical":"264.000",
      "PhysicalContext":"PowerSupply",
      "Status":{
        "State":"Enabled",
        "Health":"OK"
      },
      "@odata.id":"/redfish/v1/Chassis/CMC/Power#/Voltages/PSU2_VIN",
      "LowerThresholdCritical":"N/A"
    },{
      "Name":"PSU3_VIN",
      "MemberID":11,
      "UpperThresholdNonCritical":"N/A",
      "ReadingVolts":"228.000",
      "LowerThresholdNonCritical":"N/A",
      "UpperThresholdCritical":"264.000",
      "PhysicalContext":"PowerSupply",
      "Status":{
        "State":"Enabled",
        "Health":"OK"
      },
      "@odata.id":"/redfish/v1/Chassis/CMC/Power#/Voltages/PSU3_VIN",
      "LowerThresholdCritical":"N/A"
    },{
      "Name":"PSU4_VIN",
      "MemberID":12,
      "UpperThresholdNonCritical":"N/A",
      "ReadingVolts":"228.000",
      "LowerThresholdNonCritical":"N/A",
      "UpperThresholdCritical":"264.000",
      "PhysicalContext":"PowerSupply",
      "Status":{
        "State":"Enabled",
        "Health":"OK"
      },
      "@odata.id":"/redfish/v1/Chassis/CMC/Power#/Voltages/PSU4_VIN",
      "LowerThresholdCritical":"N/A"
    },{
      "Name":"P5V_1",
      "MemberID":13,
      "UpperThresholdNonCritical":"N/A",
      "ReadingVolts":"5.010",
      "LowerThresholdNonCritical":"N/A",
      "UpperThresholdCritical":"5.640",
      "PhysicalContext":"PowerSupply",
      "Status":{
        "State":"Enabled",
        "Health":"OK"
      },
      "@odata.id":"/redfish/v1/Chassis/CMC/Power#/Voltages/P5V_1",
      "LowerThresholdCritical":"4.500"
    },{
      "Name":"P5V_2",
      "MemberID":14,
      "UpperThresholdNonCritical":"N/A",
      "ReadingVolts":"5.070",
      "LowerThresholdNonCritical":"N/A",
      "UpperThresholdCritical":"5.640",
      "PhysicalContext":"PowerSupply",
      "Status":{
        "State":"Enabled",
        "Health":"OK"
      },
      "@odata.id":"/redfish/v1/Chassis/CMC/Power#/Voltages/P5V_2",
      "LowerThresholdCritical":"4.500"
    },{
      "Name":"P5V_3",
      "MemberID":15,
      "UpperThresholdNonCritical":"N/A",
      "ReadingVolts":"5.070",
      "LowerThresholdNonCritical":"N/A",
      "UpperThresholdCritical":"5.640",
      "PhysicalContext":"PowerSupply",
      "Status":{
        "State":"Enabled",
        "Health":"OK"
      },
      "@odata.id":"/redfish/v1/Chassis/CMC/Power#/Voltages/P5V_3",
      "LowerThresholdCritical":"4.500"
    },{
      "Name":"P5V_4",
      "MemberID":16,
      "UpperThresholdNonCritical":"N/A",
      "ReadingVolts":"5.040",
      "LowerThresholdNonCritical":"N/A",
      "UpperThresholdCritical":"5.640",
      "PhysicalContext":"PowerSupply",
      "Status":{
        "State":"Enabled",
        "Health":"OK"
      },
      "@odata.id":"/redfish/v1/Chassis/CMC/Power#/Voltages/P5V_4",
      "LowerThresholdCritical":"4.500"
    },{
      "Name":"P0V9_EXP1_VCORE",
      "MemberID":17,
      "UpperThresholdNonCritical":"N/A",
      "ReadingVolts":"0.888",
      "LowerThresholdNonCritical":"N/A",
      "UpperThresholdCritical":"0.976",
      "PhysicalContext":"PowerSupply",
      "Status":{
        "State":"Enabled",
        "Health":"OK"
      },
      "@odata.id":"/redfish/v1/Chassis/CMC/Power#/Voltages/P0V9_EXP1_VCORE",
      "LowerThresholdCritical":"0.836"
    },{
      "Name":"P0V9_EXP2_VCORE",
      "MemberID":18,
      "UpperThresholdNonCritical":"N/A",
      "ReadingVolts":"0.920",
      "LowerThresholdNonCritical":"N/A",
      "UpperThresholdCritical":"0.976",
      "PhysicalContext":"PowerSupply",
      "Status":{
        "State":"Enabled",
        "Health":"OK"
      },
      "@odata.id":"/redfish/v1/Chassis/CMC/Power#/Voltages/P0V9_EXP2_VCORE",
      "LowerThresholdCritical":"0.836"
    },{
      "Name":"P0V9_EXP1_AVD",
      "MemberID":19,
      "UpperThresholdNonCritical":"N/A",
      "ReadingVolts":"0.888",
      "LowerThresholdNonCritical":"N/A",
      "UpperThresholdCritical":"0.976",
      "PhysicalContext":"PowerSupply",
      "Status":{
        "State":"Enabled",
        "Health":"OK"
      },
      "@odata.id":"/redfish/v1/Chassis/CMC/Power#/Voltages/P0V9_EXP1_AVD",
      "LowerThresholdCritical":"0.836"
    },{
      "Name":"P0V9_EXP2_AVD",
      "MemberID":20,
      "UpperThresholdNonCritical":"N/A",
      "ReadingVolts":"0.920",
      "LowerThresholdNonCritical":"N/A",
      "UpperThresholdCritical":"0.976",
      "PhysicalContext":"PowerSupply",
      "Status":{
        "State":"Enabled",
        "Health":"OK"
      },
      "@odata.id":"/redfish/v1/Chassis/CMC/Power#/Voltages/P0V9_EXP2_AVD",
      "LowerThresholdCritical":"0.836"
    },{
      "Name":"PSU1_VOUT",
      "MemberID":21,
      "UpperThresholdNonCritical":"N/A",
      "ReadingVolts":"12.000",
      "LowerThresholdNonCritical":"N/A",
      "UpperThresholdCritical":"12.600",
      "PhysicalContext":"PowerSupply",
      "Status":{
        "State":"Enabled",
        "Health":"OK"
      },
      "@odata.id":"/redfish/v1/Chassis/CMC/Power#/Voltages/PSU1_VOUT",
      "LowerThresholdCritical":"N/A"
    },{
      "Name":"PSU2_VOUT",
      "MemberID":22,
      "UpperThresholdNonCritical":"N/A",
      "ReadingVolts":"12.100",
      "LowerThresholdNonCritical":"N/A",
      "UpperThresholdCritical":"12.600",
      "PhysicalContext":"PowerSupply",
      "Status":{
        "State":"Enabled",
        "Health":"OK"
      },
      "@odata.id":"/redfish/v1/Chassis/CMC/Power#/Voltages/PSU2_VOUT",
      "LowerThresholdCritical":"N/A"
    },{
      "Name":"PSU3_VOUT",
      "MemberID":23,
      "UpperThresholdNonCritical":"N/A",
      "ReadingVolts":"12.100",
      "LowerThresholdNonCritical":"N/A",
      "UpperThresholdCritical":"12.600",
      "PhysicalContext":"PowerSupply",
      "Status":{
        "State":"Enabled",
        "Health":"OK"
      },
      "@odata.id":"/redfish/v1/Chassis/CMC/Power#/Voltages/PSU3_VOUT",
      "LowerThresholdCritical":"N/A"
    },{
      "Name":"PSU4_VOUT",
      "MemberID":24,
      "UpperThresholdNonCritical":"N/A",
      "ReadingVolts":"12.000",
      "LowerThresholdNonCritical":"N/A",
      "UpperThresholdCritical":"12.600",
      "PhysicalContext":"PowerSupply",
      "Status":{
        "State":"Enabled",
        "Health":"OK"
      },
      "@odata.id":"/redfish/v1/Chassis/CMC/Power#/Voltages/PSU4_VOUT",
      "LowerThresholdCritical":"N/A"
    },{
      "Name":"SIOC1_RTC_BAT",
      "MemberID":25,
      "UpperThresholdNonCritical":"N/A",
      "ReadingVolts":"3.220",
      "LowerThresholdNonCritical":"N/A",
      "UpperThresholdCritical":"3.420",
      "PhysicalContext":"PowerSupply",
      "Status":{
        "State":"Enabled",
        "Health":"OK"
      },
      "@odata.id":"/redfish/v1/Chassis/CMC/Power#/Voltages/SIOC1_RTC_BAT",
      "LowerThresholdCritical":"2.140"
    }]
}