{
  "Name":"Log Entry 116",
  "Id":"116",
  "Message":"PS3_FRU PSU3_PRES: Presence sensor for PS3_FRU, Device Inserted / Device Present was asserted",
  "EntryType":"SEL",
  "Description":"Log Entry 116",
  "@odata.type":"#LogEntry.1.0.0",
  "EntryCode":"Device Inserted / Device Present",
  "Created":"2021-11-11 02:41:36 ",
  "@odata.context":"/redfish/v1/$metadata#Managers/Members/$entity/LogServices/Members/$entity/Entries/Members/$entity",
  "@odata.id":"/redfish/v1/Managers/CIMC/LogServices/SEL/Entries/116",
  "Severity":"Normal"
}