{
  "Name":"Log Entry 1324",
  "Id":"1324",
  "Message":"BIOS_POST_CMPLT: Presence sensor, Device Inserted / Device Present was asserted",
  "EntryType":"SEL",
  "Description":"Log Entry 1324",
  "@odata.type":"#LogEntry.1.0.0",
  "EntryCode":"Device Inserted / Device Present",
  "Created":"2021-11-11 01:07:19 ",
  "@odata.context":"/redfish/v1/$metadata#Chassis/Members/$entity/LogServices/Members/$entity/Entries/Members/$entity",
  "@odata.id":"/redfish/v1/Chassis/Server1/LogServices/SEL/Entries/1324",
  "Severity":"Normal"
}