{
  "Name":"EthernetInterface Schema File",
  "Id":"EthernetInterface",
  "@odata.context":"/redfish/v1/$metadata#JSONSchemas/Members/$entity",
  "Languages":["en"],
  "Description":"EthernetInterface Schema File Location",
  "@odata.type":"#JSONSchemas.1.0.0.JsonSchemaFileCollection",
  "Schema":"EthernetInterface",
  "@odata.id":"/redfish/v1/JSONSchemas/EthernetInterface",
  "Location":[{
      "PublicationUri":"http://redfish.dmtf.org/schemas/v1/EthernetInterface.json",
      "Language":"en",
      "Uri":"/redfish/v1/EthernetInterface.json"
    }]
}