{
  "Name":"LogService Collection Schema File",
  "Id":"LogServiceCollection",
  "@odata.context":"/redfish/v1/$metadata#JSONSchemas/Members/$entity",
  "Languages":["en"],
  "Description":"LogService Collection Schema File Location",
  "@odata.type":"#JSONSchemas.1.0.0.JsonSchemaFileCollection",
  "Schema":"LogServiceCollection",
  "@odata.id":"/redfish/v1/JSONSchemas/LogServiceCollection",
  "Location":[{
      "PublicationUri":"http://redfish.dmtf.org/schemas/v1/LogServiceCollection.json",
      "Language":"en",
      "Uri":"/redfish/v1/LogServiceCollection.json"
    }]
}