{
  "Name":"LogEntry Collection Schema File",
  "Id":"LogEntryCollection",
  "@odata.context":"/redfish/v1/$metadata#JSONSchemas/Members/$entity",
  "Languages":["en"],
  "Description":"LogEntry Collection Schema File Location",
  "@odata.type":"#JSONSchemas.1.0.0.JsonSchemaFileCollection",
  "Schema":"LogEntryCollection",
  "@odata.id":"/redfish/v1/JSONSchemas/LogEntryCollection",
  "Location":[{
      "PublicationUri":"http://redfish.dmtf.org/schemas/v1/LogEntryCollection.json",
      "Language":"en",
      "Uri":"/redfish/v1/LogEntryCollection.json"
    }]
}