{
  "Name":"VLanNetworkInterface Schema File",
  "Id":"VLanNetworkInterface",
  "@odata.context":"/redfish/v1/$metadata#JSONSchemas/Members/$entity",
  "Languages":["en"],
  "Description":"VLanNetworkInterface Schema File Location",
  "@odata.type":"#JSONSchemas.1.0.0.JsonSchemaFileCollection",
  "Schema":"VLanNetworkInterface",
  "@odata.id":"/redfish/v1/JSONSchemas/VLanNetworkInterface",
  "Location":[{
      "PublicationUri":"http://redfish.dmtf.org/schemas/v1/VLanNetworkInterface.json",
      "Language":"en",
      "Uri":"/redfish/v1/VLanNetworkInterface.json"
    }]
}