{
  "Name":"Redundancy Schema File",
  "Id":"Redundancy",
  "@odata.context":"/redfish/v1/$metadata#JSONSchemas/Members/$entity",
  "Languages":["en"],
  "Description":"Redundancy Schema File Location",
  "@odata.type":"#JSONSchemas.1.0.0.JsonSchemaFileCollection",
  "Schema":"Redundancy",
  "@odata.id":"/redfish/v1/JSONSchemas/Redundancy",
  "Location":[{
      "PublicationUri":"http://redfish.dmtf.org/schemas/v1/Redundancy.json",
      "Language":"en",
      "Uri":"/redfish/v1/Redundancy.json"
    }]
}