{
  "Name":"Log Entry 1313",
  "Id":"1313",
  "Message":"MAIN_POWER_PRS: Presence sensor, Device Inserted / Device Present was asserted",
  "EntryType":"SEL",
  "Description":"Log Entry 1313",
  "@odata.type":"#LogEntry.1.0.0",
  "EntryCode":"Device Inserted / Device Present",
  "Created":"2021-11-11 00:41:06 ",
  "@odata.context":"/redfish/v1/$metadata#Chassis/Members/$entity/LogServices/Members/$entity/Entries/Members/$entity",
  "@odata.id":"/redfish/v1/Chassis/Server1/LogServices/SEL/Entries/1313",
  "Severity":"Normal"
}