{
  "Name":"SimpleStorage Schema File",
  "Id":"SimpleStorage",
  "@odata.context":"/redfish/v1/$metadata#JSONSchemas/Members/$entity",
  "Languages":["en"],
  "Description":"SimpleStorage Schema File Location",
  "@odata.type":"#JSONSchemas.1.0.0.JsonSchemaFileCollection",
  "Schema":"SimpleStorage",
  "@odata.id":"/redfish/v1/JSONSchemas/SimpleStorage",
  "Location":[{
      "PublicationUri":"http://redfish.dmtf.org/schemas/v1/SimpleStorage.json",
      "Language":"en",
      "Uri":"/redfish/v1/SimpleStorage.json"
    }]
}