{
  "Name":"Log Entry 121",
  "Id":"121",
  "Message":"FAN78_PRES: Presence sensor, Device Inserted / Device Present was asserted",
  "EntryType":"SEL",
  "Description":"Log Entry 121",
  "@odata.type":"#LogEntry.1.0.0",
  "EntryCode":"Device Inserted / Device Present",
  "Created":"2021-11-11 02:41:36 ",
  "@odata.context":"/redfish/v1/$metadata#Chassis/Members/$entity/LogServices/Members/$entity/Entries/Members/$entity",
  "@odata.id":"/redfish/v1/Chassis/CMC/LogServices/SEL/Entries/121",
  "Severity":"Normal"
}