{
  "Name":"AccountService Schema File",
  "Id":"AccountService",
  "@odata.context":"/redfish/v1/$metadata#JSONSchemas/Members/$entity",
  "Languages":["en"],
  "Description":"AccountService Schema File Location",
  "@odata.type":"#JSONSchemas.1.0.0.JsonSchemaFileCollection",
  "Schema":"AccountService",
  "@odata.id":"/redfish/v1/JSONSchemas/AccountService",
  "Location":[{
      "PublicationUri":"http://redfish.dmtf.org/schemas/v1/AccountService.json",
      "Language":"en",
      "Uri":"/redfish/v1/AccountService.json"
    }]
}