{
  "Name":"Power",
  "Description":"Power",
  "@odata.type":"#Cisco_Power",
  "Id":"Power",
  "@odata.context":"/redfish/v1/$metadata#Chassis/Members/$entity/Power",
  "@odata.id":"/redfish/v1/Chassis/Server1/Power",
  "Voltages":[{
      "Name":"P3V_BAT_SCALED",
      "MemberID":1,
      "UpperThresholdNonCritical":"N/A",
      "ReadingVolts":"2.973",
      "LowerThresholdNonCritical":"N/A",
      "UpperThresholdCritical":"3.418",
      "PhysicalContext":"PowerSupply",
      "SensorNumber":0,
      "Status":{
        "State":"Enabled",
        "Health":"OK"
      },
      "@odata.id":"/redfish/v1/Chassis/Server1/Power#/Voltages/P3V_BAT_SCALED",
      "LowerThresholdCritical":"2.154"
    },{
      "Name":"P5V_STBY",
      "MemberID":2,
      "UpperThresholdNonCritical":"N/A",
      "ReadingVolts":"4.862",
      "LowerThresholdNonCritical":"N/A",
      "UpperThresholdCritical":"5.452",
      "PhysicalContext":"PowerSupply",
      "SensorNumber":1,
      "Status":{
        "State":"Enabled",
        "Health":"OK"
      },
      "@odata.id":"/redfish/v1/Chassis/Server1/Power#/Voltages/P5V_STBY",
      "LowerThresholdCritical":"4.555"
    },{
      "Name":"P3V3_STBY",
      "MemberID":3,
      "UpperThresholdNonCritical":"N/A",
      "ReadingVolts":"3.271",
      "LowerThresholdNonCritical":"N/A",
      "UpperThresholdCritical":"3.602",
      "PhysicalContext":"PowerSupply",
      "SensorNumber":2,
      "Status":{
        "State":"Enabled",
        "Health":"OK"
      },
      "@odata.id":"/redfish/v1/Chassis/Server1/Power#/Voltages/P3V3_STBY",
      "LowerThresholdCritical":"3.018"
    },{
      "Name":"P1V1_SSB_STBY",
      "MemberID":4,
      "UpperThresholdNonCritical":"N/A",
      "ReadingVolts":"1.078",
      "LowerThresholdNonCritical":"N/A",
      "UpperThresholdCritical":"1.205",
      "PhysicalContext":"PowerSupply",
      "SensorNumber":3,
      "Status":{
        "State":"Enabled",
        "Health":"OK"
      },
      "@odata.id":"/redfish/v1/Chassis/Server1/Power#/Voltages/P1V1_SSB_STBY",
      "LowerThresholdCritical":"1.000"
    },{
      "Name":"P1V8_STBY",
      "MemberID":5,
      "UpperThresholdNonCritical":"N/A",
      "ReadingVolts":"1.764",
      "LowerThresholdNonCritical":"N/A",
      "UpperThresholdCritical":"1.980",
      "PhysicalContext":"PowerSupply",
      "SensorNumber":4,
      "Status":{
        "State":"Enabled",
        "Health":"OK"
      },
      "@odata.id":"/redfish/v1/Chassis/Server1/Power#/Voltages/P1V8_STBY",
      "LowerThresholdCritical":"1.627"
    },{
      "Name":"P1V0_STBY",
      "MemberID":6,
      "UpperThresholdNonCritical":"N/A",
      "ReadingVolts":"0.980",
      "LowerThresholdNonCritical":"N/A",
      "UpperThresholdCritical":"1.088",
      "PhysicalContext":"PowerSupply",
      "SensorNumber":5,
      "Status":{
        "State":"Enabled",
        "Health":"OK"
      },
      "@odata.id":"/redfish/v1/Chassis/Server1/Power#/Voltages/P1V0_STBY",
      "LowerThresholdCritical":"0.911"
    },{
      "Name":"P1V5_STBY",
      "MemberID":7,
      "UpperThresholdNonCritical":"N/A",
      "ReadingVolts":"1.480",
      "LowerThresholdNonCritical":"N/A",
      "UpperThresholdCritical":"1.637",
      "PhysicalContext":"PowerSupply",
      "SensorNumber":6,
      "Status":{
        "State":"Enabled",
        "Health":"OK"
      },
      "@odata.id":"/redfish/v1/Chassis/Server1/Power#/Voltages/P1V5_STBY",
      "LowerThresholdCritical":"1.372"
    },{
      "Name":"P0V75_STBY",
      "MemberID":8,
      "UpperThresholdNonCritical":"N/A",
      "ReadingVolts":"0.725",
      "LowerThresholdNonCritical":"N/A",
      "UpperThresholdCritical":"0.823",
      "PhysicalContext":"PowerSupply",
      "SensorNumber":7,
      "Status":{
        "State":"Enabled",
        "Health":"OK"
      },
      "@odata.id":"/redfish/v1/Chassis/Server1/Power#/Voltages/P0V75_STBY",
      "LowerThresholdCritical":"0.686"
    },{
      "Name":"P2V5_STBY",
      "MemberID":9,
      "UpperThresholdNonCritical":"N/A",
      "ReadingVolts":"2.470",
      "LowerThresholdNonCritical":"N/A",
      "UpperThresholdCritical":"2.734",
      "PhysicalContext":"PowerSupply",
      "SensorNumber":8,
      "Status":{
        "State":"Enabled",
        "Health":"OK"
      },
      "@odata.id":"/redfish/v1/Chassis/Server1/Power#/Voltages/P2V5_STBY",
      "LowerThresholdCritical":"2.279"
    },{
      "Name":"P12V",
      "MemberID":10,
      "UpperThresholdNonCritical":"N/A",
      "ReadingVolts":"11.977",
      "LowerThresholdNonCritical":"N/A",
      "UpperThresholdCritical":"12.803",
      "PhysicalContext":"PowerSupply",
      "SensorNumber":9,
      "Status":{
        "State":"Enabled",
        "Health":"OK"
      },
      "@odata.id":"/redfish/v1/Chassis/Server1/Power#/Voltages/P12V",
      "LowerThresholdCritical":"11.210"
    },{
      "Name":"P5V",
      "MemberID":11,
      "UpperThresholdNonCritical":"N/A",
      "ReadingVolts":"5.031",
      "LowerThresholdNonCritical":"N/A",
      "UpperThresholdCritical":"5.335",
      "PhysicalContext":"PowerSupply",
      "SensorNumber":10,
      "Status":{
        "State":"Enabled",
        "Health":"OK"
      },
      "@odata.id":"/redfish/v1/Chassis/Server1/Power#/Voltages/P5V",
      "LowerThresholdCritical":"4.680"
    },{
      "Name":"P3V3",
      "MemberID":12,
      "UpperThresholdNonCritical":"N/A",
      "ReadingVolts":"3.276",
      "LowerThresholdNonCritical":"N/A",
      "UpperThresholdCritical":"3.526",
      "PhysicalContext":"PowerSupply",
      "SensorNumber":11,
      "Status":{
        "State":"Enabled",
        "Health":"OK"
      },
      "@odata.id":"/redfish/v1/Chassis/Server1/Power#/Voltages/P3V3",
      "LowerThresholdCritical":"3.089"
    },{
      "Name":"P1V5_SSB",
      "MemberID":13,
      "UpperThresholdNonCritical":"N/A",
      "ReadingVolts":"1.474",
      "LowerThresholdNonCritical":"N/A",
      "UpperThresholdCritical":"1.607",
      "PhysicalContext":"PowerSupply",
      "SensorNumber":12,
      "Status":{
        "State":"Enabled",
        "Health":"OK"
      },
      "@odata.id":"/redfish/v1/Chassis/Server1/Power#/Voltages/P1V5_SSB",
      "LowerThresholdCritical":"1.412"
    },{
      "Name":"P1V1_SSB",
      "MemberID":14,
      "UpperThresholdNonCritical":"N/A",
      "ReadingVolts":"1.092",
      "LowerThresholdNonCritical":"N/A",
      "UpperThresholdCritical":"1.178",
      "PhysicalContext":"PowerSupply",
      "SensorNumber":13,
      "Status":{
        "State":"Enabled",
        "Health":"OK"
      },
      "@odata.id":"/redfish/v1/Chassis/Server1/Power#/Voltages/P1V1_SSB",
      "LowerThresholdCritical":"1.037"
    },{
      "Name":"PVTT_P1",
      "MemberID":15,
      "UpperThresholdNonCritical":"N/A",
      "ReadingVolts":"0.991",
      "LowerThresholdNonCritical":"N/A",
      "UpperThresholdCritical":"1.061",
      "PhysicalContext":"PowerSupply",
      "SensorNumber":14,
      "Status":{
        "State":"Enabled",
        "Health":"OK"
      },
      "@odata.id":"/redfish/v1/Chassis/Server1/Power#/Voltages/PVTT_P1",
      "LowerThresholdCritical":"0.944"
    },{
      "Name":"PVTT_P2",
      "MemberID":16,
      "UpperThresholdNonCritical":"N/A",
      "ReadingVolts":"0.991",
      "LowerThresholdNonCritical":"N/A",
      "UpperThresholdCritical":"1.061",
      "PhysicalContext":"PowerSupply",
      "SensorNumber":15,
      "Status":{
        "State":"Enabled",
        "Health":"OK"
      },
      "@odata.id":"/redfish/v1/Chassis/Server1/Power#/Voltages/PVTT_P2",
      "LowerThresholdCritical":"0.944"
    },{
      "Name":"PVSA_P1",
      "MemberID":17,
      "UpperThresholdNonCritical":"N/A",
      "ReadingVolts":"0.913",
      "LowerThresholdNonCritical":"N/A",
      "UpperThresholdCritical":"1.170",
      "PhysicalContext":"PowerSupply",
      "SensorNumber":16,
      "Status":{
        "State":"Enabled",
        "Health":"OK"
      },
      "@odata.id":"/redfish/v1/Chassis/Server1/Power#/Voltages/PVSA_P1",
      "LowerThresholdCritical":"0.593"
    },{
      "Name":"PVSA_P2",
      "MemberID":18,
      "UpperThresholdNonCritical":"N/A",
      "ReadingVolts":"0.920",
      "LowerThresholdNonCritical":"N/A",
      "UpperThresholdCritical":"1.170",
      "PhysicalContext":"PowerSupply",
      "SensorNumber":17,
      "Status":{
        "State":"Enabled",
        "Health":"OK"
      },
      "@odata.id":"/redfish/v1/Chassis/Server1/Power#/Voltages/PVSA_P2",
      "LowerThresholdCritical":"0.593"
    },{
      "Name":"P1V8_PLL_P1",
      "MemberID":19,
      "UpperThresholdNonCritical":"N/A",
      "ReadingVolts":"1.687",
      "LowerThresholdNonCritical":"N/A",
      "UpperThresholdCritical":"1.805",
      "PhysicalContext":"PowerSupply",
      "SensorNumber":18,
      "Status":{
        "State":"Enabled",
        "Health":"OK"
      },
      "@odata.id":"/redfish/v1/Chassis/Server1/Power#/Voltages/P1V8_PLL_P1",
      "LowerThresholdCritical":"1.593"
    },{
      "Name":"P1V8_PLL_P2",
      "MemberID":20,
      "UpperThresholdNonCritical":"N/A",
      "ReadingVolts":"1.687",
      "LowerThresholdNonCritical":"N/A",
      "UpperThresholdCritical":"1.805",
      "PhysicalContext":"PowerSupply",
      "SensorNumber":19,
      "Status":{
        "State":"Enabled",
        "Health":"OK"
      },
      "@odata.id":"/redfish/v1/Chassis/Server1/Power#/Voltages/P1V8_PLL_P2",
      "LowerThresholdCritical":"1.593"
    },{
      "Name":"PVCCP_P1",
      "MemberID":21,
      "UpperThresholdNonCritical":"N/A",
      "ReadingVolts":"0.858",
      "LowerThresholdNonCritical":"N/A",
      "UpperThresholdCritical":"1.295",
      "PhysicalContext":"PowerSupply",
      "SensorNumber":20,
      "Status":{
        "State":"Enabled",
        "Health":"OK"
      },
      "@odata.id":"/redfish/v1/Chassis/Server1/Power#/Voltages/PVCCP_P1",
      "LowerThresholdCritical":"0.507"
    },{
      "Name":"PVCCP_P2",
      "MemberID":22,
      "UpperThresholdNonCritical":"N/A",
      "ReadingVolts":"0.889",
      "LowerThresholdNonCritical":"N/A",
      "UpperThresholdCritical":"1.295",
      "PhysicalContext":"PowerSupply",
      "SensorNumber":21,
      "Status":{
        "State":"Enabled",
        "Health":"OK"
      },
      "@odata.id":"/redfish/v1/Chassis/Server1/Power#/Voltages/PVCCP_P2",
      "LowerThresholdCritical":"0.507"
    },{
      "Name":"P1V5_VCCD_AB",
      "MemberID":23,
      "UpperThresholdNonCritical":"N/A",
      "ReadingVolts":"1.482",
      "LowerThresholdNonCritical":"N/A",
      "UpperThresholdCritical":"1.576",
      "PhysicalContext":"PowerSupply",
      "SensorNumber":22,
      "Status":{
        "State":"Enabled",
        "Health":"OK"
      },
      "@odata.id":"/redfish/v1/Chassis/Server1/Power#/Voltages/P1V5_VCCD_AB",
      "LowerThresholdCritical":"1.427"
    },{
      "Name":"P1V5_VCCD_CD",
      "MemberID":24,
      "UpperThresholdNonCritical":"N/A",
      "ReadingVolts":"1.482",
      "LowerThresholdNonCritical":"N/A",
      "UpperThresholdCritical":"1.576",
      "PhysicalContext":"PowerSupply",
      "SensorNumber":23,
      "Status":{
        "State":"Enabled",
        "Health":"OK"
      },
      "@odata.id":"/redfish/v1/Chassis/Server1/Power#/Voltages/P1V5_VCCD_CD",
      "LowerThresholdCritical":"1.427"
    },{
      "Name":"P1V5_VCCD_EF",
      "MemberID":25,
      "UpperThresholdNonCritical":"N/A",
      "ReadingVolts":"1.482",
      "LowerThresholdNonCritical":"N/A",
      "UpperThresholdCritical":"1.576",
      "PhysicalContext":"PowerSupply",
      "SensorNumber":24,
      "Status":{
        "State":"Enabled",
        "Health":"OK"
      },
      "@odata.id":"/redfish/v1/Chassis/Server1/Power#/Voltages/P1V5_VCCD_EF",
      "LowerThresholdCritical":"1.427"
    },{
      "Name":"P1V5_VCCD_GH",
      "MemberID":26,
      "UpperThresholdNonCritical":"N/A",
      "ReadingVolts":"1.482",
      "LowerThresholdNonCritical":"N/A",
      "UpperThresholdCritical":"1.576",
      "PhysicalContext":"PowerSupply",
      "SensorNumber":25,
      "Status":{
        "State":"Enabled",
        "Health":"OK"
      },
      "@odata.id":"/redfish/v1/Chassis/Server1/Power#/Voltages/P1V5_VCCD_GH",
      "LowerThresholdCritical":"1.427"
    },{
      "Name":"P0V75_DDR3_AB",
      "MemberID":27,
      "UpperThresholdNonCritical":"N/A",
      "ReadingVolts":"0.741",
      "LowerThresholdNonCritical":"N/A",
      "UpperThresholdCritical":"0.788",
      "PhysicalContext":"PowerSupply",
      "SensorNumber":26,
      "Status":{
        "State":"Enabled",
        "Health":"OK"
      },
      "@odata.id":"/redfish/v1/Chassis/Server1/Power#/Voltages/P0V75_DDR3_AB",
      "LowerThresholdCritical":"0.714"
    },{
      "Name":"P0V75_DDR3_CD",
      "MemberID":28,
      "UpperThresholdNonCritical":"N/A",
      "ReadingVolts":"0.737",
      "LowerThresholdNonCritical":"N/A",
      "UpperThresholdCritical":"0.788",
      "PhysicalContext":"PowerSupply",
      "SensorNumber":27,
      "Status":{
        "State":"Enabled",
        "Health":"OK"
      },
      "@odata.id":"/redfish/v1/Chassis/Server1/Power#/Voltages/P0V75_DDR3_CD",
      "LowerThresholdCritical":"0.714"
    },{
      "Name":"P0V75_DDR3_EF",
      "MemberID":29,
      "UpperThresholdNonCritical":"N/A",
      "ReadingVolts":"0.745",
      "LowerThresholdNonCritical":"N/A",
      "UpperThresholdCritical":"0.788",
      "PhysicalContext":"PowerSupply",
      "SensorNumber":28,
      "Status":{
        "State":"Enabled",
        "Health":"OK"
      },
      "@odata.id":"/redfish/v1/Chassis/Server1/Power#/Voltages/P0V75_DDR3_EF",
      "LowerThresholdCritical":"0.714"
    },{
      "Name":"P0V75_DDR3_GH",
      "MemberID":30,
      "UpperThresholdNonCritical":"N/A",
      "ReadingVolts":"0.741",
      "LowerThresholdNonCritical":"N/A",
      "UpperThresholdCritical":"0.788",
      "PhysicalContext":"PowerSupply",
      "SensorNumber":29,
      "Status":{
        "State":"Enabled",
        "Health":"OK"
      },
      "@odata.id":"/redfish/v1/Chassis/Server1/Power#/Voltages/P0V75_DDR3_GH",
      "LowerThresholdCritical":"0.714"
    }]
}