{
  "Name":"Log Entry 113",
  "Id":"113",
  "Message":"B1_PRES: Presence sensor, Device Inserted / Device Present was asserted",
  "EntryType":"SEL",
  "Description":"Log Entry 113",
  "@odata.type":"#LogEntry.1.0.0",
  "EntryCode":"Device Inserted / Device Present",
  "Created":"2020-05-13 01:22:06 ",
  "@odata.context":"/redfish/v1/$metadata#Chassis/Members/$entity/LogServices/Members/$entity/Entries/Members/$entity",
  "@odata.id":"/redfish/v1/Chassis/CMC/LogServices/SEL/Entries/113",
  "Severity":"Normal"
}