{
  "Name":"Log Entry 126",
  "Id":"126",
  "Message":"PS2_FRU PSU2_PRES: Presence sensor for PS2_FRU, Device Inserted / Device Present was asserted",
  "EntryType":"SEL",
  "Description":"Log Entry 126",
  "@odata.type":"#LogEntry.1.0.0",
  "EntryCode":"Device Inserted / Device Present",
  "Created":"2021-11-11 02:41:41 ",
  "@odata.context":"/redfish/v1/$metadata#Chassis/Members/$entity/LogServices/Members/$entity/Entries/Members/$entity",
  "@odata.id":"/redfish/v1/Chassis/CMC/LogServices/SEL/Entries/126",
  "Severity":"Normal"
}