{
  "Name":"SerialInterface Schema File",
  "Id":"SerialInterface",
  "@odata.context":"/redfish/v1/$metadata#JSONSchemas/Members/$entity",
  "Languages":["en"],
  "Description":"SerialInterface Schema File Location",
  "@odata.type":"#JSONSchemas.1.0.0.JsonSchemaFileCollection",
  "Schema":"SerialInterface",
  "@odata.id":"/redfish/v1/JSONSchemas/SerialInterface",
  "Location":[{
      "PublicationUri":"http://redfish.dmtf.org/schemas/v1/SerialInterface.json",
      "Language":"en",
      "Uri":"/redfish/v1/SerialInterface.json"
    }]
}