{
  "Name":"VirtualMedia Collection Schema File",
  "Id":"VirtualMediaCollection",
  "@odata.context":"/redfish/v1/$metadata#JSONSchemas/Members/$entity",
  "Languages":["en"],
  "Description":"VirtualMedia Collection Schema File Location",
  "@odata.type":"#JSONSchemas.1.0.0.JsonSchemaFileCollection",
  "Schema":"VirtualMediaCollection",
  "@odata.id":"/redfish/v1/JSONSchemas/VirtualMediaCollection",
  "Location":[{
      "PublicationUri":"http://redfish.dmtf.org/schemas/v1/VirtualMediaCollection.json",
      "Language":"en",
      "Uri":"/redfish/v1/VirtualMediaCollection.json"
    }]
}